-- MySQL dump 10.13  Distrib 5.7.25, for Linux (x86_64)
--
-- Host: localhost    Database: es
-- ------------------------------------------------------
-- Server version	5.7.25-0ubuntu0.18.04.2

/*!40101 SET @OLD_CHARACTER_SET_CLIENT=@@CHARACTER_SET_CLIENT */;
/*!40101 SET @OLD_CHARACTER_SET_RESULTS=@@CHARACTER_SET_RESULTS */;
/*!40101 SET @OLD_COLLATION_CONNECTION=@@COLLATION_CONNECTION */;
/*!40101 SET NAMES utf8 */;
/*!40103 SET @OLD_TIME_ZONE=@@TIME_ZONE */;
/*!40103 SET TIME_ZONE='+00:00' */;
/*!40014 SET @OLD_UNIQUE_CHECKS=@@UNIQUE_CHECKS, UNIQUE_CHECKS=0 */;
/*!40014 SET @OLD_FOREIGN_KEY_CHECKS=@@FOREIGN_KEY_CHECKS, FOREIGN_KEY_CHECKS=0 */;
/*!40101 SET @OLD_SQL_MODE=@@SQL_MODE, SQL_MODE='NO_AUTO_VALUE_ON_ZERO' */;
/*!40111 SET @OLD_SQL_NOTES=@@SQL_NOTES, SQL_NOTES=0 */;

--
-- Table structure for table `answers`
--

DROP TABLE IF EXISTS `answers`;
/*!40101 SET @saved_cs_client     = @@character_set_client */;
/*!40101 SET character_set_client = utf8 */;
CREATE TABLE `answers` (
  `id` int(10) unsigned NOT NULL AUTO_INCREMENT,
  `text_answer` longtext COLLATE utf8mb4_unicode_ci NOT NULL,
  `answer_right` tinyint(1) NOT NULL,
  `id_question` int(10) unsigned NOT NULL,
  `created_at` timestamp NULL DEFAULT NULL,
  `updated_at` timestamp NULL DEFAULT NULL,
  PRIMARY KEY (`id`),
  KEY `id_question` (`id_question`)
) ENGINE=InnoDB AUTO_INCREMENT=1523 DEFAULT CHARSET=utf8mb4 COLLATE=utf8mb4_unicode_ci;
/*!40101 SET character_set_client = @saved_cs_client */;

--
-- Dumping data for table `answers`
--

LOCK TABLES `answers` WRITE;
/*!40000 ALTER TABLE `answers` DISABLE KEYS */;
INSERT INTO `answers` VALUES (566,'1',1,151,'2018-12-03 11:13:19','2018-12-03 11:13:19'),(567,'1',0,151,'2018-12-03 11:13:19','2018-12-03 11:13:19'),(571,'1',1,154,'2018-12-03 11:38:08','2018-12-05 13:35:11'),(572,'2',0,154,'2018-12-03 11:38:08','2018-12-05 13:35:12'),(573,'Автоматично створене питання, відредагуйте його',0,151,'2018-12-03 13:44:45','2018-12-03 13:44:45'),(574,'Автоматично створене питання, відредагуйте його',0,154,'2018-12-03 13:44:45','2018-12-05 13:35:12'),(575,'1',1,155,'2018-12-03 14:25:25','2018-12-03 14:25:25'),(576,'2',0,155,'2018-12-03 14:25:25','2018-12-03 14:25:25'),(577,'3',0,155,'2018-12-03 14:25:26','2018-12-03 14:25:26'),(578,'4',0,156,'2018-12-03 14:25:27','2018-12-03 14:25:27'),(579,'5',1,156,'2018-12-03 14:25:28','2018-12-03 14:25:28'),(580,'6',0,156,'2018-12-03 14:25:28','2018-12-03 14:25:28'),(581,'7',0,157,'2018-12-03 14:25:29','2018-12-03 14:25:29'),(582,'8',0,157,'2018-12-03 14:25:30','2018-12-03 14:25:30'),(583,'9',1,157,'2018-12-03 14:25:30','2018-12-03 14:25:30'),(584,'10',1,158,'2018-12-03 14:25:31','2018-12-03 14:25:31'),(585,'11',0,158,'2018-12-03 14:25:32','2018-12-03 14:25:32'),(586,'12',0,158,'2018-12-03 14:25:33','2018-12-03 14:25:33'),(587,'13',0,159,'2018-12-03 14:25:34','2018-12-03 14:25:34'),(588,'14',1,159,'2018-12-03 14:25:35','2018-12-03 14:25:35'),(589,'15',0,159,'2018-12-03 14:25:36','2018-12-03 14:25:36'),(590,'наявність демократичних інститутів',0,160,'2018-12-03 16:10:57','2018-12-05 11:24:43'),(591,'децентралізоване управління економікою',0,160,'2018-12-03 16:10:57','2018-12-05 11:24:43'),(592,'кулуарна предача влади',1,160,'2018-12-03 16:10:57','2018-12-05 11:24:43'),(593,'широке коло прав і свобод',0,160,'2018-12-03 16:10:58','2018-12-05 11:24:43'),(594,'дослідження будь-яких соціальних явищ',0,161,'2018-12-03 16:15:51','2018-12-05 11:24:43'),(595,'вивчення політичних процесів у суспільстві',0,161,'2018-12-03 16:15:52','2018-12-05 11:24:43'),(596,'дослідження будь-яких культурних подій',0,161,'2018-12-03 16:15:52','2018-12-05 11:24:43'),(597,'встановлення закономірностей розвитку держави і права',1,161,'2018-12-03 16:15:52','2018-12-05 11:24:43'),(598,'методологія',1,162,'2018-12-03 16:18:27','2018-12-05 11:24:43'),(599,'функція',0,162,'2018-12-03 16:18:28','2018-12-05 11:24:43'),(600,'основа',0,162,'2018-12-03 16:18:28','2018-12-05 11:24:43'),(601,'принцип',0,162,'2018-12-03 16:18:29','2018-12-05 11:24:43'),(602,'президентська республіка',1,163,'2018-12-03 16:22:47','2018-12-05 11:24:43'),(603,'парламентська республіка',0,163,'2018-12-03 16:22:47','2018-12-05 11:24:43'),(604,'президентсько-парламентська республіка',0,163,'2018-12-03 16:22:48','2018-12-05 11:24:44'),(605,'парламентсько-президентська республіка',0,163,'2018-12-03 16:22:48','2018-12-05 11:24:44'),(606,'механізм держави',0,164,'2018-12-03 16:25:01','2018-12-05 11:24:44'),(607,'функції держави',1,164,'2018-12-03 16:25:02','2018-12-05 11:24:44'),(608,'форма держави',0,164,'2018-12-03 16:25:02','2018-12-05 11:24:44'),(609,'апарат держави',0,164,'2018-12-03 16:25:02','2018-12-05 11:24:44'),(610,'основні',0,165,'2018-12-03 16:26:28','2018-12-05 11:24:44'),(611,'постійні',1,165,'2018-12-03 16:26:28','2018-12-05 11:24:44'),(612,'неосновні',0,165,'2018-12-03 16:26:29','2018-12-05 11:24:44'),(613,'темпоральні',0,165,'2018-12-03 16:26:29','2018-12-05 11:24:44'),(614,'соціологічний',0,166,'2018-12-03 16:28:28','2018-12-05 11:24:44'),(615,'статистичний',0,166,'2018-12-03 16:28:28','2018-12-05 11:24:44'),(616,'порівняльно-правовий',1,166,'2018-12-03 16:28:29','2018-12-05 11:24:44'),(617,'політологічний',0,166,'2018-12-03 16:28:29','2018-12-05 11:24:44'),(618,'ідеологічні',0,167,'2018-12-03 16:32:19','2018-12-05 11:24:45'),(619,'внутрішні',1,167,'2018-12-03 16:32:19','2018-12-05 11:24:45'),(620,'неосновні',0,167,'2018-12-03 16:32:20','2018-12-05 11:24:45'),(621,'постійні',0,167,'2018-12-03 16:32:20','2018-12-05 11:24:45'),(622,'основні',1,168,'2018-12-03 16:33:11','2018-12-05 11:24:45'),(623,'постійні',0,168,'2018-12-03 16:33:11','2018-12-05 11:24:45'),(624,'політичні',0,168,'2018-12-03 16:33:11','2018-12-05 11:24:45'),(625,'внутрішні',0,168,'2018-12-03 16:33:12','2018-12-05 11:24:45'),(626,'апарат держави',0,169,'2018-12-03 16:35:35','2018-12-05 11:24:45'),(627,'механізм держави',1,169,'2018-12-03 16:35:35','2018-12-05 11:24:45'),(628,'орган держави',0,169,'2018-12-03 16:35:35','2018-12-05 11:24:45'),(629,'система держави',0,169,'2018-12-03 16:35:36','2018-12-05 11:24:45'),(630,'покриття шкоди працівниками в розмірі, що не перевищує середнього місячного заробітку, провадиться за рішенням комісії по трудових спорах',0,170,'2018-12-03 16:43:30','2018-12-05 11:24:45'),(631,'покриття шкоди працівниками в розмірі, що перевищує середній місячний заробіток, провадиться за рішенням суду',0,170,'2018-12-03 16:43:30','2018-12-05 11:24:45'),(632,'покриття шкоди працівниками в розмірі, що не перевищує середнього місячного заробітку, провадиться за наказом начальника відділу кадрів',1,170,'2018-12-03 16:43:30','2018-12-05 11:24:46'),(633,'покриття шкоди працівниками в ромірі, що перевищує середній місячний заробіток, провадиться а розпорядженням роботодавця',0,170,'2018-12-03 16:43:31','2018-12-05 11:24:46'),(634,'працівника',1,171,'2018-12-03 16:46:38','2018-12-05 15:11:46'),(635,'роботодавця',0,171,'2018-12-03 16:46:39','2018-12-05 15:11:47'),(636,'виборний орган первинної профспілкової органіації',0,171,'2018-12-03 16:46:39','2018-12-05 15:11:47'),(637,'правоохоронні органи',0,171,'2018-12-03 16:46:40','2018-12-05 15:11:47'),(638,'жінки, які мають дітей віком від трьох до чотирнадцяти років',1,172,'2018-12-03 16:51:37','2018-12-05 11:24:46'),(639,'жінки, які мають дитину',0,172,'2018-12-03 16:51:37','2018-12-05 11:24:46'),(640,'жінки, які мають дітей віком до трьох років',0,172,'2018-12-03 16:51:37','2018-12-05 11:24:46'),(641,'жінки віком до 55 років',0,172,'2018-12-03 16:51:38','2018-12-05 11:24:46'),(642,'оплачується за спеціально встановленими розцінками',0,173,'2018-12-03 16:54:28','2018-12-05 15:01:08'),(643,'проводиться доплата у розмірі двох третин тарифної ставки',0,173,'2018-12-03 16:54:29','2018-12-05 15:01:09'),(644,'оплачується з розрахунку не нижче від третини тарифної ставки',0,173,'2018-12-03 16:54:29','2018-12-05 15:01:09'),(645,'оплачується з розрахунку не нижче від двох третин тарифної ставки',1,173,'2018-12-03 16:54:29','2018-12-05 15:01:09'),(646,'місце роботи працівника',1,174,'2018-12-03 16:56:43','2018-12-05 11:24:46'),(647,'нерозголошення комерційної таємниці',0,174,'2018-12-03 16:56:43','2018-12-05 11:24:46'),(648,'надбавки та доплати до тарифних ставок',0,174,'2018-12-03 16:56:43','2018-12-05 11:24:46'),(649,'преміювання працівника',0,174,'2018-12-03 16:56:43','2018-12-05 11:24:46'),(650,'одноразового грубого порушення трудових обов\'язків керівником підприємства',0,175,'2018-12-03 17:02:18','2018-12-05 15:03:12'),(652,'винних дій працівника, який безпосередньо обслуговує товарні цінності, якщо ці дії дають підстави для втрати довір\'я до нього з боку роботодавця',1,175,'2018-12-03 17:02:19','2018-12-05 15:03:12'),(653,'поновлення на роботі працівника',0,175,'2018-12-03 17:02:19','2018-12-05 15:03:12'),(654,'ліквідації підприємства',0,175,'2018-12-03 17:02:19','2018-12-05 15:03:12'),(658,'укладення трудового договору з фізичною особою',0,176,'2018-12-03 17:05:01','2018-12-05 15:04:28'),(659,'коли трудові відносини не можуть бути укладені на невизначений строк з урахуванням умов виконання наступної роботи',1,176,'2018-12-03 17:05:01','2018-12-05 15:04:28'),(660,'коли це передбачено колективним договором',0,176,'2018-12-03 17:05:01','2018-12-05 15:04:28'),(663,'укладання трудового договору за сумісництвом',0,176,'2018-12-03 17:05:02','2018-12-05 15:04:28'),(666,'одного місяця',0,177,'2018-12-03 17:08:54','2018-12-05 15:03:50'),(668,'трьох місяців',1,177,'2018-12-03 17:08:55','2018-12-05 15:03:50'),(669,'шести місяців',0,177,'2018-12-03 17:08:55','2018-12-05 15:03:50'),(670,'одного року',0,177,'2018-12-03 17:08:55','2018-12-05 15:03:50'),(674,'14 днів',0,178,'2018-12-03 17:12:02','2018-12-05 11:24:47'),(675,'одного місяця',0,178,'2018-12-03 17:12:03','2018-12-05 11:24:47'),(676,'7 днів',1,178,'2018-12-03 17:12:03','2018-12-05 11:24:47'),(677,'негайно',0,178,'2018-12-03 17:12:03','2018-12-05 11:24:47'),(678,'спільним представницьким органом найманих працівників',0,179,'2018-12-03 17:21:06','2018-12-05 15:16:18'),(679,'суб\'єктом, що здійснює повідомну реєстрацію колективного договору',0,179,'2018-12-03 17:21:06','2018-12-05 15:16:18'),(682,'одноособово роботодавцем',0,179,'2018-12-03 17:21:07','2018-12-05 15:16:18'),(683,'за взаємною згодою сторін',1,179,'2018-12-03 17:21:07','2018-12-05 15:16:18'),(740,'1',1,189,'2018-12-04 06:25:57','2018-12-05 11:24:47'),(741,'1',0,189,'2018-12-04 06:25:57','2018-12-05 11:24:48'),(885,'A-1',1,231,'2018-12-05 08:44:25','2018-12-05 08:44:26'),(886,'1',0,231,'2018-12-05 08:44:26','2018-12-05 08:44:26'),(887,'BBB',0,231,'2018-12-05 08:44:26','2018-12-05 08:44:26'),(888,'A-1',1,231,'2018-12-05 08:44:26','2018-12-05 08:44:26'),(889,'A-5',0,231,'2018-12-05 08:44:26','2018-12-05 08:44:26'),(890,'A-2',1,232,'2018-12-05 08:45:27','2018-12-05 08:45:27'),(891,'1',0,232,'2018-12-05 08:45:27','2018-12-05 08:45:27'),(892,'BBB',0,232,'2018-12-05 08:45:27','2018-12-05 08:45:27'),(893,'A-1',1,232,'2018-12-05 08:45:27','2018-12-05 08:45:28'),(894,'A-5',0,232,'2018-12-05 08:45:28','2018-12-05 08:45:28'),(895,'6',1,233,'2018-12-05 08:49:14','2018-12-05 08:49:14'),(896,'6',0,233,'2018-12-05 08:49:14','2018-12-05 08:49:14'),(897,'u',1,234,'2018-12-05 08:49:43','2018-12-05 08:49:43'),(898,'u',0,234,'2018-12-05 08:49:43','2018-12-05 08:49:43'),(899,'uu',0,234,'2018-12-05 08:49:43','2018-12-05 08:49:43'),(900,'u',0,234,'2018-12-05 08:49:44','2018-12-05 08:49:44'),(901,'u',0,234,'2018-12-05 08:49:44','2018-12-05 08:49:44'),(902,'uu',0,234,'2018-12-05 08:49:44','2018-12-05 08:49:44'),(903,'yu',1,235,'2018-12-05 08:50:51','2018-12-05 08:50:51'),(904,'y',0,235,'2018-12-05 08:50:52','2018-12-05 08:50:52'),(905,'y',0,235,'2018-12-05 08:50:52','2018-12-05 08:50:52'),(906,'yy',0,235,'2018-12-05 08:50:53','2018-12-05 08:50:53'),(907,'y',0,235,'2018-12-05 08:50:54','2018-12-05 08:50:54'),(908,'y',0,235,'2018-12-05 08:50:54','2018-12-05 08:50:54'),(909,'7',1,236,'2018-12-05 08:51:12','2018-12-05 08:51:12'),(910,'1',1,237,'2018-12-05 08:52:19','2018-12-05 08:52:19'),(911,'2',1,238,'2018-12-05 08:52:25','2018-12-05 08:52:25'),(912,'33',1,239,'2018-12-05 08:52:28','2018-12-05 08:52:28'),(913,'4',1,240,'2018-12-05 08:52:31','2018-12-05 08:52:31'),(914,'y',1,241,'2018-12-05 09:08:18','2018-12-05 09:08:18'),(915,'i',1,242,'2018-12-05 09:08:24','2018-12-05 09:08:24'),(948,'1',1,254,'2018-12-05 10:11:18','2018-12-05 10:11:18'),(949,'1',0,254,'2018-12-05 10:11:19','2018-12-05 10:11:19'),(950,'u',1,254,'2018-12-05 10:11:19','2018-12-05 10:11:19'),(951,'Автоматично створене питання, відредагуйте його',0,254,'2018-12-05 10:11:19','2018-12-05 10:11:19'),(960,'3',1,258,'2018-12-05 10:19:41','2018-12-05 10:19:41'),(961,'3',0,258,'2018-12-05 10:19:42','2018-12-05 10:19:42'),(962,'1',1,259,'2018-12-05 10:20:07','2018-12-05 10:20:07'),(963,'1',0,259,'2018-12-05 10:20:07','2018-12-05 10:20:07'),(964,'1',1,260,'2018-12-05 10:20:44','2018-12-05 13:39:29'),(965,'1',0,260,'2018-12-05 10:20:44','2018-12-05 13:39:29'),(967,'BR',1,262,'2018-12-05 10:21:53','2018-12-05 10:21:53'),(968,'BR',0,262,'2018-12-05 10:21:54','2018-12-05 10:21:54'),(969,'ju',1,263,'2018-12-05 10:22:33','2018-12-05 10:22:33'),(970,'u',1,264,'2018-12-05 10:22:42','2018-12-05 10:22:42'),(971,'u',0,264,'2018-12-05 10:22:42','2018-12-05 10:22:42'),(972,'організація, створена однією чи кількома особами (засновниками), що не бреуть участі в управлінні нею, через об\'єднання (виділення) їхнього майна для досягнення мети, визначеної засновниками,',0,265,'2018-12-05 15:25:17','2018-12-05 15:25:17'),(973,'суб\'єкт правовідносин, який може бути носієм лише тих прав та обов\'язків, які пов\'язані з природними властивостями людей',0,265,'2018-12-05 15:25:17','2018-12-05 15:25:17'),(974,'організація, створена та зареєстрована у встановленому законом порядку',1,265,'2018-12-05 15:25:18','2018-12-05 15:25:18'),(975,'організація, створена об\'єднанням сторін (учасників), які мають право участі в цьому товаристві',0,265,'2018-12-05 15:25:18','2018-12-05 15:25:18'),(976,'юридична особа',0,266,'2018-12-05 15:25:18','2018-12-05 16:00:37'),(977,'представництво',0,266,'2018-12-05 15:25:19','2018-12-05 16:00:37'),(978,'установа',1,266,'2018-12-05 15:25:19','2018-12-05 16:00:37'),(979,'товариство',0,266,'2018-12-05 15:25:19','2018-12-05 16:00:38'),(984,'наявність відокремленого майна',0,268,'2018-12-05 15:40:37','2018-12-05 15:40:37'),(985,'нездатність діяти в цивільному обігу від власного імені',0,268,'2018-12-05 15:40:37','2018-12-05 15:40:37'),(986,'місцезнаходження юридичної особи',1,268,'2018-12-05 15:40:37','2018-12-05 15:40:37'),(987,'організаційна єдність',0,268,'2018-12-05 15:40:37','2018-12-05 15:40:37'),(988,'право на використання об\'єкта права інтелектуальної власності',1,269,'2018-12-05 15:40:38','2018-12-05 15:40:38'),(989,'виключне право дозволяти використання об\'єкта права інтелектуальної власності',0,269,'2018-12-05 15:40:38','2018-12-05 15:40:38'),(990,'прво перешкоджати будь-якому посяганню на право інтелектуальної власності, здатному завдати шкоди честі чи репутації творця об\'єкта права інтелектуальної власності',0,269,'2018-12-05 15:40:39','2018-12-05 15:40:39'),(991,'виключне право перешкоджати неправомірному використанню об\'єкта права інтелектуальної власності й також забороняти таке використання',0,269,'2018-12-05 15:40:39','2018-12-05 15:40:39'),(992,'три роки',0,270,'2018-12-05 15:40:40','2018-12-05 15:40:40'),(993,'два роки',0,270,'2018-12-05 15:40:40','2018-12-05 15:40:41'),(994,'один рік, пять та десять років',1,270,'2018-12-05 15:40:41','2018-12-05 15:40:41'),(995,'півроку',0,270,'2018-12-05 15:40:41','2018-12-05 15:40:41'),(996,'визнання недійсним правочину, вчиненого під впливом насильства чи обману',0,271,'2018-12-05 15:57:53','2018-12-05 15:57:53'),(997,'застосування наслідків нікчемного правочину',0,271,'2018-12-05 15:57:53','2018-12-05 15:57:53'),(998,'про спростування недостовірної інформації, опублікованої в засобах масової інформації',1,271,'2018-12-05 15:57:53','2018-12-05 15:57:53'),(999,'відшкодування шкоди, завданої каліцтвом, іншим ушкодження здоров\'я або смертю',0,271,'2018-12-05 15:57:53','2018-12-05 15:57:54'),(1000,'визнання недійсним правочину, вчиненого під впливом насильства чи обману',1,272,'2018-12-05 15:57:54','2018-12-05 15:57:54'),(1001,'застосування наслідків нікчемного правочину',0,272,'2018-12-05 15:57:54','2018-12-05 15:57:54'),(1002,'про спростування недостовірної інформації, опублікованої в засобах масової інформації',0,272,'2018-12-05 15:57:54','2018-12-05 15:57:54'),(1003,'відшкодування шкоди, завданої каліцтвом, іншим ушкодження здоров\'я або смертю',0,272,'2018-12-05 15:57:55','2018-12-05 15:57:55'),(1004,'з 13 років',0,273,'2018-12-05 15:57:55','2018-12-05 15:57:55'),(1005,'з 16 років',0,273,'2018-12-05 15:57:56','2018-12-05 15:57:56'),(1006,'з 12 років',0,273,'2018-12-05 15:57:56','2018-12-05 15:57:56'),(1007,'з 14 років',1,273,'2018-12-05 15:57:56','2018-12-05 15:57:56'),(1008,'може розпоряджатися особистими паперами, утому числі і на випадок своєї смерті',1,274,'2018-12-05 15:57:57','2018-12-05 15:57:57'),(1009,'може збирати, зберігати особисті папери',0,274,'2018-12-05 15:57:57','2018-12-05 15:57:57'),(1010,'може усно або у письмовій формі розпорядитися особистими паперами, у тому числі і на випадок своєї смерті',0,274,'2018-12-05 15:57:57','2018-12-05 15:57:57'),(1011,'може використовувати особисті папери',0,274,'2018-12-05 15:57:58','2018-12-05 15:57:58'),(1012,'являють собою особливий різновид майна',0,275,'2018-12-05 16:04:56','2018-12-05 16:04:56'),(1013,'являють собою особливий різновид рухомого майна',1,275,'2018-12-05 16:04:56','2018-12-05 16:04:56'),(1014,'являють собою особливий різновид нерухомого майна',0,275,'2018-12-05 16:04:56','2018-12-05 16:04:56'),(1015,'не є об\'єктом цивільних правових відносин',0,275,'2018-12-05 16:04:56','2018-12-05 16:04:57'),(1016,'порушення загальнообов\'якових правил, встановлених державою',0,276,'2018-12-05 16:29:08','2018-12-05 16:29:08'),(1017,'найсуворіше адміністративне стягнення, яке виражається в короткостроковому (до 15 діб) позбавленні порушника волі і призначається тільки судом (суддею)',0,276,'2018-12-05 16:29:09','2018-12-05 16:29:09'),(1018,'це один видів юридичної відповідальності, яка являє собою регламентовані нормами адміністративного права відносні між порушником адміністративно-правової норми та уповноваженим державним орга',1,276,'2018-12-05 16:29:09','2018-12-05 16:29:09'),(1019,'це різновид юридичної відповідальності, специфічна форма поитивного реагування з боку держави в особі уповноважених органів на відповідну категорію протиправних діянь',0,276,'2018-12-05 16:29:09','2018-12-05 16:29:09'),(1020,'публічний',1,277,'2018-12-05 16:29:10','2018-12-05 16:29:10'),(1021,'владний',0,277,'2018-12-05 16:29:10','2018-12-05 16:29:10'),(1022,'загальнообов\'язковий',0,277,'2018-12-05 16:29:11','2018-12-05 16:29:11'),(1023,'виконавчий',0,277,'2018-12-05 16:29:11','2018-12-05 16:29:11'),(1024,'адміністративне порушення',0,278,'2018-12-05 16:29:12','2018-12-05 16:29:12'),(1025,'адміністративне стягнення',0,278,'2018-12-05 16:29:12','2018-12-05 16:29:12'),(1026,'посягання на право',0,278,'2018-12-05 16:29:12','2018-12-05 16:29:13'),(1027,'адміністративне правопорушення',1,278,'2018-12-05 16:29:13','2018-12-05 16:29:13'),(1028,'спеціальні та загальні',1,279,'2018-12-05 16:29:13','2018-12-05 16:29:14'),(1029,'правозастосовчі та нормативні',0,279,'2018-12-05 16:29:14','2018-12-05 16:29:14'),(1030,'спеціальні та нормативні',0,279,'2018-12-05 16:29:14','2018-12-05 16:29:14'),(1031,'спеціальні та правозастосовчі',0,279,'2018-12-05 16:29:15','2018-12-05 16:29:15'),(1032,'13 років',0,280,'2018-12-05 16:29:16','2018-12-05 16:29:16'),(1033,'14 років',0,280,'2018-12-05 16:29:16','2018-12-05 16:29:16'),(1034,'16 років',1,280,'2018-12-05 16:29:16','2018-12-05 16:29:17'),(1035,'18 років',0,280,'2018-12-05 16:29:17','2018-12-05 16:29:17'),(1036,'виправні роботи',0,281,'2018-12-05 16:29:19','2018-12-05 16:29:19'),(1037,'адміністративні стягнення',1,281,'2018-12-05 16:29:19','2018-12-05 16:29:19'),(1038,'громадські роботи',0,281,'2018-12-05 16:29:20','2018-12-05 16:29:20'),(1039,'заходи адміністративного примусу',0,281,'2018-12-05 16:29:20','2018-12-05 16:29:20'),(1040,'видання правових актів управління; укладення договорів (угод); здійснення інших юридично значущих дій',1,282,'2018-12-05 16:38:49','2018-12-05 16:38:49'),(1041,'видання правових актів управління; здійснення юридично значущих дій; притягнення до адміністративної відповідальності',0,282,'2018-12-05 16:38:49','2018-12-05 16:38:49'),(1042,'складання заяв; видання нормативно-правових актів; укладення договорів',0,282,'2018-12-05 16:38:49','2018-12-05 16:38:49'),(1043,'оскарження судових рішень; видання правових актів управління; укладення договорів',0,282,'2018-12-05 16:38:49','2018-12-05 16:38:49'),(1044,'організаційні дії',1,283,'2018-12-05 16:38:50','2018-12-05 16:38:50'),(1045,'матеріально-технічна баа',0,283,'2018-12-05 16:38:50','2018-12-05 16:38:50'),(1046,'застосування правозастосовних норм',0,283,'2018-12-05 16:38:50','2018-12-05 16:38:51'),(1047,'встановлення юридичних обставин',0,283,'2018-12-05 16:38:51','2018-12-05 16:38:51'),(1048,'активне втручання суб\'єкта управління в діяльність підконтрольного об\'єкта',1,284,'2018-12-05 16:46:20','2018-12-05 16:46:20'),(1049,'здійснення прокурорського нагляду',0,284,'2018-12-05 16:46:20','2018-12-05 16:46:20'),(1050,'зовнішньо виражена дія - волевиявлення виконавчо-розпорядчого органу',0,284,'2018-12-05 16:46:20','2018-12-05 16:46:20'),(1051,'форма управлінської діяльності, яка безпосередньо викликає правові наслідки, пов\'яані із встановленням або застосуванням норм права',0,284,'2018-12-05 16:46:21','2018-12-05 16:46:21'),(1052,'бездоглядні товари',1,285,'2018-12-05 16:46:21','2018-12-05 16:46:21'),(1053,'скарб',0,285,'2018-12-05 16:46:22','2018-12-05 16:46:22'),(1054,'антикварні речі',0,285,'2018-12-05 16:46:22','2018-12-05 16:46:22'),(1055,'нахідка',0,285,'2018-12-05 16:46:22','2018-12-05 16:46:23'),(1056,'конституційний закон',0,286,'2018-12-05 17:11:14','2018-12-05 17:11:14'),(1057,'конституційна норма',0,286,'2018-12-05 17:11:14','2018-12-05 17:11:14'),(1058,'правова норма',0,286,'2018-12-05 17:11:15','2018-12-05 17:11:15'),(1059,'конституційно-правова норма',1,286,'2018-12-05 17:11:15','2018-12-05 17:11:15'),(1060,'метод галузі конституційного права',0,287,'2018-12-05 17:11:16','2018-12-05 17:11:16'),(1061,'об\'єкт галузі конституційного права',0,287,'2018-12-05 17:11:16','2018-12-05 17:11:16'),(1062,'суб\'єкт галузі конституційного права',0,287,'2018-12-05 17:11:16','2018-12-05 17:11:16'),(1063,'предмет галузі конституційного права',1,287,'2018-12-05 17:11:16','2018-12-05 17:11:16'),(1064,'метод галузі конституційного права',1,288,'2018-12-05 17:11:17','2018-12-05 17:11:17'),(1065,'об\'єкт галузі конституційного права',0,288,'2018-12-05 17:11:17','2018-12-05 17:11:17'),(1066,'суб\'єкт галузі конституційного права',0,288,'2018-12-05 17:11:18','2018-12-05 17:11:18'),(1067,'предмет галузі конституційного права',0,288,'2018-12-05 17:11:18','2018-12-05 17:11:18'),(1068,'функції конституції',1,289,'2018-12-05 17:11:18','2018-12-05 17:11:19'),(1069,'завдання конституції',0,289,'2018-12-05 17:11:19','2018-12-05 17:11:19'),(1070,'принципи конституції',0,289,'2018-12-05 17:11:19','2018-12-05 17:11:19'),(1071,'конституційна доктрина',0,289,'2018-12-05 17:11:19','2018-12-05 17:11:19'),(1072,'політична функція конституції',0,290,'2018-12-05 17:11:21','2018-12-05 17:11:21'),(1073,'юридична функція конституції',1,290,'2018-12-05 17:11:21','2018-12-05 17:11:21'),(1074,'ідеологічна функція конституції',0,290,'2018-12-05 17:11:21','2018-12-05 17:11:21'),(1075,'регулююча функція конституції',0,290,'2018-12-05 17:11:22','2018-12-05 17:11:22'),(1076,'політична функція конституції',1,291,'2018-12-05 17:11:23','2018-12-05 17:11:23'),(1077,'юридична функція конституції',0,291,'2018-12-05 17:11:23','2018-12-05 17:11:23'),(1078,'ідеологічна функція конституції',0,291,'2018-12-05 17:11:24','2018-12-05 17:11:24'),(1079,'регулююча функція конституції',0,291,'2018-12-05 17:11:24','2018-12-05 17:11:24'),(1080,'референдумом',1,292,'2018-12-05 17:22:59','2018-12-05 17:22:59'),(1081,'установчими зборами',0,292,'2018-12-05 17:23:00','2018-12-05 17:23:00'),(1082,'парламентом',0,292,'2018-12-05 17:23:00','2018-12-05 17:23:00'),(1083,'конституційною асамблеєю',0,292,'2018-12-05 17:23:00','2018-12-05 17:23:00'),(1084,'жосткі та гнучкі',0,293,'2018-12-05 17:23:01','2018-12-05 17:23:01'),(1085,'прості та складні',0,293,'2018-12-05 17:23:01','2018-12-05 17:23:01'),(1086,'даровані та народні',0,293,'2018-12-05 17:23:02','2018-12-05 17:23:02'),(1087,'постійні та тимчасові',1,293,'2018-12-05 17:23:02','2018-12-05 17:23:02'),(1088,'жорсткою',0,294,'2018-12-05 17:23:02','2018-12-05 17:23:03'),(1089,'гнучкою',0,294,'2018-12-05 17:23:03','2018-12-05 17:23:03'),(1090,'дуже жорсткою',1,294,'2018-12-05 17:23:03','2018-12-05 17:23:03'),(1091,'тимчасовою',0,294,'2018-12-05 17:23:03','2018-12-05 17:23:03'),(1092,'засади конституційного ладу',1,295,'2018-12-05 17:23:04','2018-12-05 17:23:04'),(1093,'конституційна система',0,295,'2018-12-05 17:23:04','2018-12-05 17:23:04'),(1094,'конституційно-правова система',0,295,'2018-12-05 17:23:05','2018-12-05 17:23:05'),(1095,'державна система',0,295,'2018-12-05 17:23:05','2018-12-05 17:23:05'),(1118,'1',1,307,'2018-12-06 05:32:45','2018-12-06 05:32:45'),(1119,'2',0,307,'2018-12-06 05:32:46','2018-12-06 05:32:46'),(1120,'a',1,308,'2018-12-06 05:33:46','2018-12-06 05:33:46'),(1121,'a',0,308,'2018-12-06 05:33:47','2018-12-06 05:33:47'),(1122,'b',1,309,'2018-12-06 05:33:48','2018-12-06 05:33:48'),(1123,'b',0,309,'2018-12-06 05:33:48','2018-12-06 05:33:48'),(1124,'c',1,310,'2018-12-06 05:33:49','2018-12-06 05:33:49'),(1125,'c',0,310,'2018-12-06 05:33:49','2018-12-06 05:33:49'),(1126,'d',1,311,'2018-12-06 05:33:50','2018-12-06 05:33:50'),(1127,'d',0,311,'2018-12-06 05:33:51','2018-12-06 05:33:51'),(1128,'j',1,312,'2018-12-06 05:38:17','2018-12-06 05:38:17'),(1129,'j',0,312,'2018-12-06 05:38:17','2018-12-06 05:38:17'),(1130,'jjj',1,313,'2018-12-06 05:38:18','2018-12-06 05:38:18'),(1131,'jj',0,313,'2018-12-06 05:38:18','2018-12-06 05:38:18'),(1132,'1',1,314,'2018-12-06 05:46:23','2018-12-06 05:46:24'),(1133,'1',0,314,'2018-12-06 05:46:24','2018-12-06 05:46:24'),(1134,'8',1,315,'2018-12-06 05:51:35','2018-12-06 05:51:35'),(1135,'8',0,315,'2018-12-06 05:51:36','2018-12-06 05:51:36'),(1136,'2',1,316,'2018-12-06 09:08:39','2018-12-06 09:08:39'),(1137,'2',0,316,'2018-12-06 09:08:39','2018-12-06 09:08:39'),(1138,'2',1,317,'2018-12-06 09:10:29','2018-12-06 09:10:29'),(1139,'2',0,317,'2018-12-06 09:10:29','2018-12-06 09:10:29'),(1140,'j',1,318,'2018-12-06 09:11:13','2018-12-06 09:11:13'),(1141,'qwe',0,1,'2018-12-14 10:16:35','2018-12-26 09:55:30'),(1142,'qeq',1,1,'2018-12-14 10:16:36','2018-12-26 09:55:30'),(1143,'eqe',0,1,'2018-12-14 10:16:38','2018-12-26 09:55:30'),(1144,'qe',0,1,'2018-12-14 10:16:39','2018-12-26 09:55:30'),(1145,'qweqwe',1,2,'2018-12-14 10:25:50','2018-12-26 09:55:30'),(1146,'qeq',0,2,'2018-12-14 10:25:52','2018-12-26 09:55:30'),(1147,'eqe',0,2,'2018-12-14 10:25:54','2018-12-26 09:55:30'),(1148,'qe',0,2,'2018-12-14 10:25:55','2018-12-26 09:55:30'),(1149,'wrewr',1,3,'2018-12-14 10:30:19','2018-12-26 09:55:30'),(1150,'wrw',0,3,'2018-12-14 10:30:20','2018-12-26 09:55:30'),(1151,'rwr',0,3,'2018-12-14 10:30:21','2018-12-26 09:55:30'),(1152,'wrr',0,3,'2018-12-14 10:30:22','2018-12-26 09:55:30'),(1153,'qweq',1,4,'2018-12-14 10:32:52','2018-12-26 09:55:31'),(1154,'weqw',0,4,'2018-12-14 10:32:54','2018-12-26 09:55:31'),(1155,'eqe',0,4,'2018-12-14 10:32:55','2018-12-26 09:55:31'),(1156,'qeq',0,4,'2018-12-14 10:32:56','2018-12-26 09:55:31'),(1157,'eeeeeeeeeeeeeee',0,5,'2018-12-14 10:33:54','2018-12-26 09:55:31'),(1158,'eeeeeeeeeeeeeeeeeeeeeeee',0,5,'2018-12-14 10:33:55','2018-12-26 09:55:31'),(1159,'eeeeeeeeeeeeeeeeeeeeeeeeeeee',1,5,'2018-12-14 10:33:56','2018-12-26 09:55:31'),(1160,'sssssssssssssssssssssss',0,5,'2018-12-14 10:33:58','2018-12-26 09:55:31'),(1161,'ssssssss',1,6,'2018-12-14 10:34:00','2018-12-26 09:55:31'),(1162,'sssssssss',0,6,'2018-12-14 10:34:01','2018-12-26 09:55:31'),(1163,'ssssssss',0,6,'2018-12-14 10:34:02','2018-12-26 09:55:31'),(1164,'sssssssssssssssss',0,6,'2018-12-14 10:34:03','2018-12-26 09:55:31'),(1165,'eq',1,7,'2018-12-14 10:42:35','2018-12-26 09:55:31'),(1166,'e',0,7,'2018-12-14 10:42:36','2018-12-26 09:55:31'),(1167,'wwww',0,7,'2018-12-14 10:42:37','2018-12-26 09:55:31'),(1168,'w',0,7,'2018-12-14 10:42:38','2018-12-26 09:55:31'),(1169,'rrrrrrrrrrr',1,8,'2018-12-14 10:42:53','2018-12-26 09:55:31'),(1170,'rrrrrrrrrr',0,8,'2018-12-14 10:42:53','2018-12-26 09:55:31'),(1171,'rrrrrrrrrrrrrrrrrrrrrrr',0,8,'2018-12-14 10:42:55','2018-12-26 09:55:31'),(1172,'rrrrrrrrrrrrr',0,8,'2018-12-14 10:42:56','2018-12-26 09:55:31'),(1173,'wwwwwwwww',1,9,'2018-12-14 10:42:58','2018-12-26 09:55:31'),(1174,'wwwwwwwww',0,9,'2018-12-14 10:42:59','2018-12-26 09:55:31'),(1175,'wwwwwwwwwwww',0,9,'2018-12-14 10:43:00','2018-12-26 09:55:31'),(1176,'wwwwwwww',0,9,'2018-12-14 10:43:01','2018-12-26 09:55:31'),(1177,'qqqqqqqqq',1,10,'2018-12-14 10:43:04','2018-12-26 09:55:31'),(1178,'qqqqqqqqq',0,10,'2018-12-14 10:43:05','2018-12-26 09:55:31'),(1179,'qqqqqqqqqqqqq',0,10,'2018-12-14 10:43:06','2018-12-26 09:55:31'),(1180,'qqqqq',0,10,'2018-12-14 10:43:07','2018-12-26 09:55:31'),(1181,'qwedsfsd',1,11,'2018-12-14 11:03:48','2018-12-26 09:55:31'),(1182,'qweqefsf',0,11,'2018-12-14 11:03:49','2018-12-26 09:55:31'),(1183,'qeqesfs',0,11,'2018-12-14 11:03:50','2018-12-26 09:55:31'),(1184,'qeqesfffffffffffffffffffff',0,11,'2018-12-14 11:03:52','2018-12-26 09:55:31'),(1185,'wwwwwwwwww',1,12,'2018-12-14 11:03:54','2018-12-26 09:55:31'),(1186,'wwwwwwww',0,12,'2018-12-14 11:03:55','2018-12-26 09:55:31'),(1187,'wwwwwwwwwwwwwwwww',0,12,'2018-12-14 11:03:56','2018-12-26 09:55:31'),(1188,'wwwwww',0,12,'2018-12-14 11:03:57','2018-12-26 09:55:31'),(1189,'11111111111111111',1,13,'2018-12-14 11:04:56','2018-12-26 09:55:31'),(1190,'111111111111',0,13,'2018-12-14 11:04:57','2018-12-26 09:55:31'),(1191,'11111111111111111111111',0,13,'2018-12-14 11:04:58','2018-12-26 09:55:31'),(1192,'111111111111111',0,13,'2018-12-14 11:04:59','2018-12-26 09:55:31'),(1193,'qqqqqqqqqqqq222222222222',1,14,'2018-12-14 11:06:11','2018-12-26 09:55:30'),(1194,'qqqqqqqqqq22222222',0,14,'2018-12-14 11:06:12','2018-12-26 09:55:30'),(1195,'qqqqqqqqqqqq2222222222222222222222222',0,14,'2018-12-14 11:06:13','2018-12-26 09:55:30'),(1196,'qqqqqqqqq',0,14,'2018-12-14 11:06:14','2018-12-26 09:55:30'),(1197,'rrrrrrrrrr',1,15,'2018-12-14 11:06:17','2018-12-26 09:55:30'),(1198,'rrrrrrrrrrrrrrr',0,15,'2018-12-14 11:06:18','2018-12-26 09:55:30'),(1199,'rrrrrrrrr',0,15,'2018-12-14 11:06:19','2018-12-26 09:55:31'),(1200,'rrrrrrrrrr',0,15,'2018-12-14 11:06:20','2018-12-26 09:55:31'),(1201,'5555555555',1,16,'2018-12-14 11:07:03','2018-12-26 09:55:31'),(1202,'5555555555',0,16,'2018-12-14 11:07:04','2018-12-26 09:55:31'),(1203,'55555555',0,16,'2018-12-14 11:07:05','2018-12-26 09:55:31'),(1204,'555555555555',0,16,'2018-12-14 11:07:06','2018-12-26 09:55:31'),(1205,'333333333',1,17,'2018-12-14 11:07:08','2018-12-26 09:55:31'),(1206,'333333333',0,17,'2018-12-14 11:07:09','2018-12-26 09:55:31'),(1207,'333333333',0,17,'2018-12-14 11:07:10','2018-12-26 09:55:31'),(1208,'33333333333333333333',0,17,'2018-12-14 11:07:11','2018-12-26 09:55:31'),(1209,'1',1,18,'2018-12-18 05:37:56','2018-12-18 05:37:56'),(1210,'2',0,18,'2018-12-18 05:37:56','2018-12-18 05:37:56'),(1211,'2',1,19,'2018-12-18 05:38:47','2018-12-18 05:38:47'),(1212,'3',0,19,'2018-12-18 05:38:47','2018-12-18 05:38:47'),(1213,'1',1,20,'2018-12-18 05:44:07','2018-12-18 05:44:07'),(1214,'2',0,20,'2018-12-18 05:44:07','2018-12-18 05:44:07'),(1215,'ol',1,21,'2018-12-18 05:46:10','2018-12-18 05:46:10'),(1216,'o',0,21,'2018-12-18 05:46:11','2018-12-18 05:46:11'),(1217,'g',1,22,'2018-12-18 05:46:32','2018-12-18 05:46:32'),(1218,'g',0,22,'2018-12-18 05:46:32','2018-12-18 05:46:32'),(1219,'g',1,28,'2018-12-18 06:57:02','2018-12-21 09:31:37'),(1220,'j',1,29,'2018-12-18 06:57:19','2018-12-21 09:31:37'),(1221,'h',1,30,'2018-12-18 06:57:54','2018-12-21 09:31:37'),(1222,'h2',1,31,'2018-12-18 06:59:37','2018-12-21 09:31:37'),(1223,'1',0,32,'2018-12-22 09:14:07','2018-12-22 09:14:07'),(1224,'2',0,32,'2018-12-22 09:14:07','2018-12-22 09:14:07'),(1225,'3',1,32,'2018-12-22 09:14:07','2018-12-22 09:14:07'),(1226,'4',0,32,'2018-12-22 09:14:07','2018-12-22 09:14:07'),(1227,'g',1,33,'2018-12-22 09:14:35','2018-12-22 09:14:35'),(1228,'gff',0,33,'2018-12-22 09:14:36','2018-12-22 09:14:36'),(1229,'ghh',0,33,'2018-12-22 09:14:36','2018-12-22 09:14:36'),(1230,'g',0,33,'2018-12-22 09:14:36','2018-12-22 09:14:36'),(1231,'yy',0,34,'2018-12-22 09:14:52','2018-12-22 09:14:52'),(1232,'ll',0,34,'2018-12-22 09:14:52','2018-12-22 09:14:52'),(1233,'gg',0,34,'2018-12-22 09:14:52','2018-12-22 09:14:52'),(1234,'dd',1,34,'2018-12-22 09:14:52','2018-12-22 09:14:52'),(1235,'3',1,35,'2018-12-26 19:15:31','2018-12-26 19:15:31'),(1236,'2',1,36,'2018-12-26 19:15:53','2018-12-26 19:15:53'),(1237,'2',1,37,'2018-12-26 19:15:53','2018-12-26 19:15:53'),(1238,'Правило Курнакова.',0,38,'2019-01-02 10:39:29','2019-01-02 10:39:29'),(1239,'Правила важеля (відрізків).',0,38,'2019-01-02 10:39:29','2019-01-02 10:39:29'),(1240,'Правило Гіббса.',1,38,'2019-01-02 10:39:29','2019-01-02 10:39:29'),(1241,'Правила Бочвара.',0,38,'2019-01-02 10:39:29','2019-01-02 10:39:29'),(1242,'Метали сплаву розташовуються в одній підгрупі періодичної системи елементів Д. І. Менделєєва, однотипність кристалічних решіток металів, невелика різниця (10-12%) в атомних радіусах.',1,39,'2019-01-02 10:44:41','2019-01-02 10:44:41'),(1243,'Метали сплаву розташовуються в сусідніх підгрупах періодичної системи елементів Д. І. Менделєєва, утворення твердих розчинів впровадження, різниця в атомних радіусах не має значення.',0,39,'2019-01-02 10:44:41','2019-01-02 10:44:41'),(1244,'Близькість хімічної природи металів сплаву, утворюють тверді розчини впровадження, в рідкому стані метали можуть розчиняться обмежено.',0,39,'2019-01-02 10:44:41','2019-01-02 10:44:42'),(1245,'Однотипність хімічного зв\'язку компонентів, повна розчинність в рідкому стані, утворення твердих розчинів віднімання, різниця в атомних радіусах до 20%.',0,39,'2019-01-02 10:44:42','2019-01-02 10:44:42'),(1246,'Розшарування твердого розчину, виділення надмірних  фаз.',0,40,'2019-01-02 10:45:24','2019-01-02 10:45:24'),(1247,'Поліморфне перетворення, виділення надмірних фаз',1,40,'2019-01-02 10:45:24','2019-01-02 10:45:24'),(1248,'Впорядкування і розшарування твердого розчину, виділення надмірних фаз.',0,40,'2019-01-02 10:45:24','2019-01-02 10:45:24'),(1249,'Впорядкування твердого розчину і виділення надмірних фаз.',0,40,'2019-01-02 10:45:24','2019-01-02 10:45:24'),(1250,'Тугоплавкий сплав з найвищою температурою плавлення.',0,41,'2019-01-02 10:46:25','2019-01-02 10:46:25'),(1251,'Добре побудований і дрібнозернистий сплав.',0,41,'2019-01-02 10:46:25','2019-01-02 10:46:25'),(1252,'Хімічна сполука металів, що сплавляються.',0,41,'2019-01-02 10:46:25','2019-01-02 10:46:25'),(1253,'Легкоплавкий сплав з найнижчою температурою плавлення в даній системі.',1,41,'2019-01-02 10:46:25','2019-01-02 10:46:25'),(1254,'Негативна розчинність.',0,42,'2019-01-02 10:47:28','2019-01-02 10:47:28'),(1255,'Зменшення розчинності компонентів один в одному в твердому стані нижче температури нонваріантного перетворення.',0,42,'2019-01-02 10:47:28','2019-01-02 10:47:28'),(1256,'Спочатку збільшення розчинності, а потім різке зниження розчинності компонентів один в одному до температури нонваріантного перетворення.',1,42,'2019-01-02 10:47:28','2019-01-02 10:47:28'),(1257,'Розчинність йде спочатку назад.',0,42,'2019-01-02 10:47:29','2019-01-02 10:47:29'),(1258,'Пластинчата.',1,43,'2019-01-02 10:48:22','2019-01-02 10:48:22'),(1259,'Скелетовидна.',0,43,'2019-01-02 10:48:22','2019-01-02 10:48:22'),(1260,'Зерниста.',0,43,'2019-01-02 10:48:22','2019-01-02 10:48:22'),(1261,'Голчаста.',0,43,'2019-01-02 10:48:22','2019-01-02 10:48:22'),(1262,'Р + β →α.',0,44,'2019-01-02 10:49:56','2019-01-02 10:49:56'),(1263,'Ре →α + β.',1,44,'2019-01-02 10:49:56','2019-01-02 10:49:56'),(1264,'Ра + Рв → АmBn.',0,44,'2019-01-02 10:49:56','2019-01-02 10:49:56'),(1265,'Рв → Ра + β.',0,44,'2019-01-02 10:49:56','2019-01-02 10:49:56'),(1266,'Такої в природі не існує.',1,45,'2019-01-02 10:53:12','2019-01-02 10:53:12'),(1267,'Це суміш(механічна) двох твердих фаз.',0,45,'2019-01-02 10:53:12','2019-01-02 10:53:12'),(1268,'Ця хімічна сполука двох твердих фаз.',0,45,'2019-01-02 10:53:13','2019-01-02 10:53:13'),(1269,'Це суміш твердої і рідкої фаз.',0,45,'2019-01-02 10:53:13','2019-01-02 10:53:13'),(1270,'Механічна суміш компонентів сплаву.',0,46,'2019-01-02 10:54:17','2019-01-02 10:54:17'),(1271,'Необмежений твердий розчин.',0,46,'2019-01-02 10:54:17','2019-01-02 10:54:17'),(1272,'Тверда фаза, що утворилася в інтервалі концентрацій між граничними розчинами.',1,46,'2019-01-02 10:54:17','2019-01-02 10:54:17'),(1273,'Тільки конгруентно плавка фаза.',0,46,'2019-01-02 10:54:17','2019-01-02 10:54:17'),(1274,'Евтектичне, евтектоїдне, монотектоїдне.',0,47,'2019-01-02 11:31:42','2019-01-02 11:31:42'),(1275,'Евтектоїдне, монотектоїдне, метатектоїдне.',0,47,'2019-01-02 11:31:42','2019-01-02 11:31:42'),(1276,'Евтектоїдне, перитектоїдне, монотектоїдне.',1,47,'2019-01-02 11:31:42','2019-01-02 11:31:42'),(1277,'Евтектичне, синтектичне, метатектичне.',0,47,'2019-01-02 11:31:42','2019-01-02 11:31:42'),(1278,'Виділення надмірних фаз, впорядкування твердих розчинів, поліморфне перетворення.',1,48,'2019-01-02 11:32:41','2019-01-02 11:32:41'),(1279,'Магнітне перетворення, поліморфне перетворення, розпад твердого розчину.',0,48,'2019-01-02 11:32:41','2019-01-02 11:32:41'),(1280,'Евтектоїдне перетворення, перитектичне перетворення, впровадження вторинних фаз.',0,48,'2019-01-02 11:32:41','2019-01-02 11:32:41'),(1281,'Перитектоїдне перетворення, утворення евтектики,поліморфне перетворення.',0,48,'2019-01-02 11:32:41','2019-01-02 11:32:41'),(1282,'Ферит, троостит, сорбіт, перліт.',0,49,'2019-01-02 11:35:14','2019-01-02 11:35:14'),(1283,'Аустеніт, ферит, цементит.',0,49,'2019-01-02 11:35:15','2019-01-02 11:35:15'),(1284,'Бейніт, мартенсит, ледебурит, цементит.',0,49,'2019-01-02 11:35:15','2019-01-02 11:35:15'),(1285,'Сорбіт, троостит, бейніт, мартенсит.',1,49,'2019-01-02 11:35:15','2019-01-02 11:35:15'),(1286,'Асm.',0,50,'2019-01-02 11:36:03','2019-01-02 11:36:03'),(1287,'А2.',1,50,'2019-01-02 11:36:04','2019-01-02 11:36:04'),(1288,'А4.',0,50,'2019-01-02 11:36:04','2019-01-02 11:36:04'),(1289,'А3.',0,50,'2019-01-02 11:36:04','2019-01-02 11:36:04'),(1290,'Фазовим складом і дисперсністю.',0,51,'2019-01-02 12:32:37','2019-01-02 12:32:37'),(1291,'Будовою і фазовим складом.',0,51,'2019-01-02 12:32:37','2019-01-02 12:32:37'),(1292,'Формою фазових часток фериту і цементиту.',1,51,'2019-01-02 12:32:37','2019-01-02 12:32:37'),(1293,'Фазовим складом формою фазових частинок.',0,51,'2019-01-02 12:32:37','2019-01-02 12:32:37'),(1294,'Евтектоїдне, евтектичне, перитектоїдне.',0,52,'2019-01-02 12:33:59','2019-01-02 12:33:59'),(1295,'Перитектичне, евтектичне, евтектоїдне.',1,52,'2019-01-02 12:33:59','2019-01-02 12:33:59'),(1296,'Перитектичне, евтектичне, монотектичне.',0,52,'2019-01-02 12:34:00','2019-01-02 12:34:00'),(1297,'Евтектичне, перитектоїдне, монотектоїдне.',0,52,'2019-01-02 12:34:00','2019-01-02 12:34:00'),(1298,'Вермикулярна, куляста, пластівчаста, пластинчата.',1,53,'2019-01-02 12:34:51','2019-01-02 12:34:51'),(1299,'Пластинчата, точкова,  пластівчаста.',0,53,'2019-01-02 12:34:51','2019-01-02 12:34:51'),(1300,'Куляста, пластівчаста, пластинчата, між дендритна пластинчата.',0,53,'2019-01-02 12:34:52','2019-01-02 12:34:52'),(1301,'Міждендритна, точкова, вермикулярна,  куляста,  пластівчаста.',0,53,'2019-01-02 12:34:52','2019-01-02 12:34:52'),(1302,'Від форми графітних включень.',0,54,'2019-01-02 12:35:42','2019-01-02 12:35:42'),(1303,'Від структури металевої основи чавуну.',1,54,'2019-01-02 12:35:42','2019-01-02 12:35:42'),(1304,'Від кількості вуглецю в чавуні.',0,54,'2019-01-02 12:35:42','2019-01-02 12:35:42'),(1305,'Від методу отримання чавуну.',0,54,'2019-01-02 12:35:42','2019-01-02 12:35:42'),(1314,'Згідно критичних точок призначають режими термічної обробки сплавів Fe - Fe3C.',1,57,'2019-01-02 12:44:16','2019-01-02 12:44:16'),(1315,'Згідно критичних точок визначають механічні властивості сплавів.',0,57,'2019-01-02 12:44:16','2019-01-02 12:44:16'),(1316,'Критичні точки - це тільки температурні лінії діаграми стану.',0,57,'2019-01-02 12:44:16','2019-01-02 12:44:16'),(1317,'Критичні точки відповідають тільки яким-небудь фазовим перетворенням.',0,57,'2019-01-02 12:44:16','2019-01-02 12:44:16'),(1318,'δ-ферит.',0,58,'2019-01-02 12:45:01','2019-01-02 12:45:01'),(1319,'Цементит.',1,58,'2019-01-02 12:45:01','2019-01-02 12:45:01'),(1320,'α-феррит.',0,58,'2019-01-02 12:45:01','2019-01-02 12:45:01'),(1321,'Аустеніт.',0,58,'2019-01-02 12:45:01','2019-01-02 12:45:01'),(1322,'Перліт.',0,59,'2019-01-02 12:55:07','2019-01-02 12:55:07'),(1323,'Перліт + ферит.',0,59,'2019-01-02 12:55:07','2019-01-02 12:55:07'),(1324,'Ферит + аустеніт.',0,59,'2019-01-02 12:55:07','2019-01-02 12:55:07'),(1325,'Ферит + цементит.',1,59,'2019-01-02 12:55:07','2019-01-02 12:55:07'),(1326,'Пластинчата.',0,60,'2019-01-02 12:56:07','2019-01-02 12:56:07'),(1327,'Графітних включень немає.',1,60,'2019-01-02 12:56:07','2019-01-02 12:56:07'),(1328,'Куляста.',0,60,'2019-01-02 12:56:07','2019-01-02 12:56:07'),(1329,'Вермикулярна.',0,60,'2019-01-02 12:56:07','2019-01-02 12:56:07'),(1330,'Формою графітних включень.',1,61,'2019-01-02 13:33:34','2019-01-02 13:33:34'),(1331,'Кількістю графіту в структурі.',0,61,'2019-01-02 13:33:35','2019-01-02 13:33:35'),(1332,'Хімічним складом чавуну.',0,61,'2019-01-02 13:33:35','2019-01-02 13:33:35'),(1333,'Структурою металевої основи.',0,61,'2019-01-02 13:33:35','2019-01-02 13:33:35'),(1334,'АВСD; ЕСF; PSK.',0,62,'2019-01-02 14:23:33','2019-01-02 14:23:33'),(1335,'HIB, ЕCF, DFKL.',0,62,'2019-01-02 14:23:33','2019-01-02 14:23:33'),(1336,'ES, PQ, FI, ECF.',0,62,'2019-01-02 14:23:33','2019-01-02 14:23:33'),(1337,'IN, HN, GS, GP, PSK.',1,62,'2019-01-02 14:23:33','2019-01-02 14:23:33'),(1338,'рис',0,63,'2019-01-02 14:30:17','2019-01-02 14:30:17'),(1339,'рис',1,63,'2019-01-02 14:30:17','2019-01-02 14:30:17'),(1340,'рис',0,63,'2019-01-02 14:30:17','2019-01-02 14:30:17'),(1341,'рис',0,63,'2019-01-02 14:30:18','2019-01-02 14:30:18'),(1342,'Ae, Be.',0,64,'2019-01-02 14:33:11','2019-01-02 14:33:11'),(1343,'Ce, De.',0,64,'2019-01-02 14:33:11','2019-01-02 14:33:11'),(1344,'CF, DK.',1,64,'2019-01-02 14:33:11','2019-01-02 14:33:11'),(1345,'Такі на діаграмі відсутні.',0,64,'2019-01-02 14:33:11','2019-01-02 14:33:11'),(1346,'рис',0,65,'2019-01-02 14:57:58','2019-01-02 14:57:58'),(1347,'рис',0,65,'2019-01-02 14:57:58','2019-01-02 14:57:58'),(1348,'рис',1,65,'2019-01-02 14:57:58','2019-01-02 14:57:58'),(1349,'рис',0,65,'2019-01-02 14:57:58','2019-01-02 14:57:58'),(1354,'рис',1,67,'2019-01-03 08:04:08','2019-01-03 08:04:08'),(1355,'рис',0,67,'2019-01-03 08:04:08','2019-01-03 08:04:08'),(1356,'рис',0,67,'2019-01-03 08:04:08','2019-01-03 08:04:08'),(1357,'рис',0,67,'2019-01-03 08:04:08','2019-01-03 08:04:08'),(1358,'W, Mg.',0,68,'2019-01-03 08:17:40','2019-01-03 08:17:40'),(1359,'Li, Pb.',0,68,'2019-01-03 08:17:40','2019-01-03 08:17:40'),(1360,'Al, Be.',1,68,'2019-01-03 08:17:40','2019-01-03 08:17:40'),(1361,'Сu, Ti.',0,68,'2019-01-03 08:17:40','2019-01-03 08:17:40'),(1362,'Д19.',1,69,'2019-01-03 08:19:09','2019-01-03 08:19:09'),(1363,'Сплави системи Al-Mg (магналії), АМг5.',0,69,'2019-01-03 08:19:09','2019-01-03 08:19:09'),(1364,'Силумін АЛ2 (10-13% Si, залишок Al і домішки).',0,69,'2019-01-03 08:19:09','2019-01-03 08:19:09'),(1365,'АЛ33 (5,8% Cu, 0,8% Mn, 1% Ni, 0,2% Zr, 0,2% Ce, залишок Al і домішки).',0,69,'2019-01-03 08:19:09','2019-01-03 08:19:09'),(1366,'1',0,70,'2019-01-03 08:30:21','2019-01-03 08:30:21'),(1367,'2',0,70,'2019-01-03 08:30:21','2019-01-03 08:30:21'),(1368,'3',1,70,'2019-01-03 08:30:21','2019-01-03 08:30:21'),(1369,'2 і 3',0,70,'2019-01-03 08:30:21','2019-01-03 08:30:21'),(1370,'Al – Pb.',0,71,'2019-01-03 08:31:00','2019-01-03 08:31:00'),(1371,'Al – Si.',1,71,'2019-01-03 08:31:00','2019-01-03 08:31:00'),(1372,'Al – Cu.',0,71,'2019-01-03 08:31:00','2019-01-03 08:31:00'),(1373,'Al – Mg.',0,71,'2019-01-03 08:31:00','2019-01-03 08:31:00'),(1374,'Низькою температурою плавлення, низькою теплопровідністю, низькою густиною.',0,72,'2019-01-03 08:32:22','2019-01-03 08:32:22'),(1375,'Високою температурою плавлення, низькою теплопровідністю, низькою густиною.',0,72,'2019-01-03 08:32:22','2019-01-03 08:32:22'),(1376,'Низькою температурою плавлення, високою теплопровідністю, низькою густиною.',1,72,'2019-01-03 08:32:23','2019-01-03 08:32:23'),(1377,'Високою температурою плавлення, високою теплопровідністю, високою густиною.',0,72,'2019-01-03 08:32:23','2019-01-03 08:32:23'),(1378,'Гартування від 515-525 °С, у воді з наступним штучним старінням (160 °С, 12 год.).',0,73,'2019-01-03 08:33:17','2019-01-03 08:33:17'),(1379,'Рекристалізаційний відпал (450-470 °С).',1,73,'2019-01-03 08:33:17','2019-01-03 08:33:17'),(1380,'Гартування від 460-470 °С з охолодженням у холодній або гарячій воді, штучне старіння при 140 °С, 16 год.',0,73,'2019-01-03 08:33:17','2019-01-03 08:33:17'),(1381,'Гартування від 530 °С, без старіння, тому що старіння погіршує пластичність.',0,73,'2019-01-03 08:33:17','2019-01-03 08:33:17'),(1382,'Ствердження помилкове, для силумінів не застосовують модифікування.',0,74,'2019-01-03 08:43:26','2019-01-03 08:43:26'),(1383,'З метою впливу на форму і розміри структурних складових.',1,74,'2019-01-03 08:43:26','2019-01-03 08:43:26'),(1384,'З метою підвищення міцності сплаву.',0,74,'2019-01-03 08:43:27','2019-01-03 08:43:27'),(1385,'Для покращення ливарних властивостей (кращої щільності сплаву, зниження пористості (поліпшення герметичності), підвищення рідкоплинності).',0,74,'2019-01-03 08:43:27','2019-01-03 08:43:27'),(1386,'Al – Mg – Li.',1,75,'2019-01-08 13:01:59','2019-01-08 13:01:59'),(1387,'Al – Si – Mg.',0,75,'2019-01-08 13:01:59','2019-01-08 13:01:59'),(1388,'Al – Cu – Mg.',0,75,'2019-01-08 13:01:59','2019-01-08 13:01:59'),(1389,'Al – Zn – Mg.',0,75,'2019-01-08 13:01:59','2019-01-08 13:01:59'),(1390,'550.',0,76,'2019-01-08 13:02:37','2019-01-08 13:02:37'),(1391,'1740.',0,76,'2019-01-08 13:02:37','2019-01-08 13:02:37'),(1392,'2700.',1,76,'2019-01-08 13:02:38','2019-01-08 13:02:38'),(1393,'4500.',0,76,'2019-01-08 13:02:38','2019-01-08 13:02:38'),(1394,'Кубічна гранецентрована.',1,77,'2019-01-08 13:03:17','2019-01-08 13:03:17'),(1395,'У модифікації α-ГЩП, в модифікації β-ОЦК.',0,77,'2019-01-08 13:03:17','2019-01-08 13:03:17'),(1396,'Кубічна об’ємноцентрована (ОЦК).',0,77,'2019-01-08 13:03:17','2019-01-08 13:03:17'),(1397,'Гексагональна щільного пакування (ГЩП).',0,77,'2019-01-08 13:03:17','2019-01-08 13:03:17'),(1398,'Хорошу жароміцність (до 700 °С), міцність, пластичність; хорошу тепло- і електропровідність.',0,78,'2019-01-08 13:04:00','2019-01-08 13:04:00'),(1399,'Високу корозійну стійкість, низький коефіцієнт тертя; хороші ливарні властивості (рідкоплинність, герметичність), високу міцність, пластичність; хорошу тепло- і електропровідність.',0,78,'2019-01-08 13:04:00','2019-01-08 13:04:00'),(1400,'Високий опір стиранню, високу жароміцність (до 550 °С) і міцність, хорошу тепло- і електропровідність, високу корозійну стійкість.',1,78,'2019-01-08 13:04:00','2019-01-08 13:04:00'),(1401,'Хорошу жаростійкість, низький коефіцієнт тертя, високу міцність і пластичність.',0,78,'2019-01-08 13:04:00','2019-01-08 13:04:00'),(1402,'V.',0,79,'2019-01-08 13:05:14','2019-01-08 13:05:14'),(1403,'Cr.',0,79,'2019-01-08 13:05:14','2019-01-08 13:05:14'),(1404,'Al.',1,79,'2019-01-08 13:05:14','2019-01-08 13:05:14'),(1405,'Si.',0,79,'2019-01-08 13:05:15','2019-01-08 13:05:15'),(1406,'БрБ2.',1,80,'2019-01-08 13:07:44','2019-01-08 13:07:44'),(1407,'БрОФ7-0,2.',0,80,'2019-01-08 13:07:44','2019-01-08 13:07:44'),(1408,'ЛО90-1.',0,80,'2019-01-08 13:07:44','2019-01-08 13:07:44'),(1409,'ЛЦ16К4.',0,80,'2019-01-08 13:07:44','2019-01-08 13:07:44'),(1410,'АЛ3.',0,81,'2019-01-08 13:08:25','2019-01-08 13:08:25'),(1411,'БрАЖН 10-4-4.',0,81,'2019-01-08 13:08:25','2019-01-08 13:08:25'),(1412,'МЛ5.',0,81,'2019-01-08 13:08:25','2019-01-08 13:08:25'),(1413,'ЛЦ16К4.',1,81,'2019-01-08 13:08:25','2019-01-08 13:08:25'),(1414,'450-550°С.',0,82,'2019-01-08 13:09:13','2019-01-08 13:09:13'),(1415,'830-900°С.',1,82,'2019-01-08 13:09:13','2019-01-08 13:09:13'),(1416,'620-680°С.',0,82,'2019-01-08 13:09:13','2019-01-08 13:09:13'),(1417,'950-1200°С.',0,82,'2019-01-08 13:09:13','2019-01-08 13:09:13'),(1418,'Бронза.',0,83,'2019-01-08 13:11:03','2019-01-08 13:11:03'),(1419,'Латунь.',1,83,'2019-01-08 13:11:04','2019-01-08 13:11:04'),(1420,'Мельхіор.',0,83,'2019-01-08 13:11:04','2019-01-08 13:11:04'),(1421,'Баббіт.',0,83,'2019-01-08 13:11:04','2019-01-08 13:11:04'),(1422,'До 39 %.',1,84,'2019-01-08 13:11:43','2019-01-08 13:11:43'),(1423,'До 45 %.',0,84,'2019-01-08 13:11:43','2019-01-08 13:11:43'),(1424,'До 35 %.',0,84,'2019-01-08 13:11:43','2019-01-08 13:11:43'),(1425,'До 70 %.',0,84,'2019-01-08 13:11:43','2019-01-08 13:11:43'),(1426,'12 %.',1,85,'2019-01-08 13:12:16','2019-01-08 13:12:16'),(1427,'13 %.',0,85,'2019-01-08 13:12:16','2019-01-08 13:12:16'),(1428,'10 %.',0,85,'2019-01-08 13:12:16','2019-01-08 13:12:16'),(1429,'14 %.',0,85,'2019-01-08 13:12:16','2019-01-08 13:12:16'),(1430,'Відливок відповідальної арматури, антифрикційних деталей, клапанів.',0,86,'2019-01-08 13:12:57','2019-01-08 13:12:57'),(1431,'Корпуси насосів, клапанів, вкладишів підшипників.',0,86,'2019-01-08 13:12:57','2019-01-08 13:12:57'),(1432,'Пружних елементів відповідального призначення.',1,86,'2019-01-08 13:12:57','2019-01-08 13:12:57'),(1433,'Антифрикційних деталей, арматури, вкладишів підшипників.',0,86,'2019-01-08 13:12:58','2019-01-08 13:12:58'),(1434,'Гартування (від 760-780 °С) у воді з наступним старінням при 300-350 °С.',1,87,'2019-01-08 13:13:35','2019-01-08 13:13:35'),(1435,'Гартування (від 760-780 °С) в маслі з подальшим старінням при 500-550 °С.',0,87,'2019-01-08 13:13:35','2019-01-08 13:13:35'),(1436,'Гартування (від 760-780 °С) у воді з природним старінням, 5-7 діб.',0,87,'2019-01-08 13:13:35','2019-01-08 13:13:35'),(1437,'Гартування (від 760-780 °С) в маслі з природним старінням, 5-7 діб.',0,87,'2019-01-08 13:13:35','2019-01-08 13:13:35'),(1438,'Л96.',0,88,'2019-01-08 13:14:44','2019-01-08 13:14:44'),(1439,'БрА5.',1,88,'2019-01-08 13:14:44','2019-01-08 13:14:44'),(1440,'БрБ2.',0,88,'2019-01-08 13:14:44','2019-01-08 13:14:44'),(1441,'БрС30.',0,88,'2019-01-08 13:14:44','2019-01-08 13:14:44'),(1442,'Cu-Ni-Al.',0,89,'2019-01-08 13:15:25','2019-01-08 13:15:25'),(1443,'Cu-Ni-Ag.',0,89,'2019-01-08 13:15:25','2019-01-08 13:15:25'),(1444,'Cu-Ni-Zr.',0,89,'2019-01-08 13:15:26','2019-01-08 13:15:26'),(1445,'Cu-Ni-Zn.',1,89,'2019-01-08 13:15:26','2019-01-08 13:15:26'),(1446,'БрБ2.',0,90,'2019-01-08 13:16:35','2019-01-08 13:16:35'),(1447,'Б6.',1,90,'2019-01-08 13:16:35','2019-01-08 13:16:35'),(1448,'ВТ22.',0,90,'2019-01-08 13:16:35','2019-01-08 13:16:35'),(1449,'Д16.',0,90,'2019-01-08 13:16:35','2019-01-08 13:16:35'),(1450,'ОЦК.',0,91,'2019-01-08 13:17:23','2019-01-08 13:17:23'),(1451,'ГЦК.',1,91,'2019-01-08 13:17:23','2019-01-08 13:17:23'),(1452,'ГЩП.',0,91,'2019-01-08 13:17:23','2019-01-08 13:17:23'),(1453,'Проста кубічна.',0,91,'2019-01-08 13:17:23','2019-01-08 13:17:23'),(1454,'α, β, γ- стабілізатори.',0,92,'2019-01-08 13:18:07','2019-01-08 13:18:07'),(1455,'α і β- стабілізатори, нейтральні зміцнювачі.',1,92,'2019-01-08 13:18:08','2019-01-08 13:18:08'),(1456,'α і γ- стабілізатори.',0,92,'2019-01-08 13:18:08','2019-01-08 13:18:08'),(1457,'β і α- стабілізатори.',0,92,'2019-01-08 13:18:08','2019-01-08 13:18:08'),(1458,'1587 °С.',0,93,'2019-01-08 13:18:42','2019-01-08 13:18:42'),(1459,'342 °С.',0,93,'2019-01-08 13:18:42','2019-01-08 13:18:42'),(1460,'1608 °С.',0,93,'2019-01-08 13:18:42','2019-01-08 13:18:42'),(1461,'882 °С.',1,93,'2019-01-08 13:18:42','2019-01-08 13:18:42'),(1462,'Відпал.',0,94,'2019-01-08 13:19:18','2019-01-08 13:19:18'),(1463,'Гартування без поліморфного перетворення з наступним старінням.',1,94,'2019-01-08 13:19:19','2019-01-08 13:19:19'),(1464,'Гартування з поліморфним перетворенням з наступним старінням.',0,94,'2019-01-08 13:19:19','2019-01-08 13:19:19'),(1465,'Гартування з наступним відпуском.',0,94,'2019-01-08 13:19:19','2019-01-08 13:19:19'),(1466,'α -Ti з ГПУ- ґраткою.',0,95,'2019-01-08 13:19:57','2019-01-08 13:19:57'),(1467,'β -Ti з ОЦК- ґраткою.',1,95,'2019-01-08 13:19:57','2019-01-08 13:19:57'),(1468,'γ -Ti з ГЦК- ґраткою.',0,95,'2019-01-08 13:19:57','2019-01-08 13:19:57'),(1469,'β -Ti з ГЦК- ґраткою.',0,95,'2019-01-08 13:19:57','2019-01-08 13:19:57'),(1470,'Подвійною фазовою перекристалізацією.',1,96,'2019-01-08 13:20:35','2019-01-08 13:20:35'),(1471,'Повторним нагріванням сплаву до температури рекристалізації.',0,96,'2019-01-08 13:20:35','2019-01-08 13:20:35'),(1472,'Перекристалізацією з нагріванням в область стійкої β-фази.',0,96,'2019-01-08 13:20:35','2019-01-08 13:20:35'),(1473,'Повторним нагріванням під гартування і повільним охолодженням.',0,96,'2019-01-08 13:20:35','2019-01-08 13:20:35'),(1474,'Ступінчасте; поверхневе.',0,97,'2019-01-08 13:21:10','2019-01-08 13:21:10'),(1475,'Повне; неповне.',0,97,'2019-01-08 13:21:10','2019-01-08 13:21:10'),(1476,'Неповне; з поліморфним перетворенням; ступінчасте.',0,97,'2019-01-08 13:21:11','2019-01-08 13:21:11'),(1477,'З поліморфним перетворенням; без поліморфного перетворення.',1,97,'2019-01-08 13:21:11','2019-01-08 13:21:11'),(1478,'1',1,98,'2019-01-14 08:35:20','2019-01-14 08:35:20'),(1479,'1',0,98,'2019-01-14 08:35:20','2019-01-14 08:35:20'),(1480,'11',0,98,'2019-01-14 08:35:20','2019-01-14 08:35:20'),(1481,'2',0,98,'2019-01-14 08:35:21','2019-01-14 08:35:21'),(1482,'1',1,99,'2019-01-15 12:29:12','2019-01-15 12:29:12'),(1483,'tru&nbsp;<sup><img src=\"URLPATH\"></sup>',1,101,'2019-02-15 11:23:11','2019-02-15 11:23:11'),(1484,'anser',0,101,'2019-02-15 11:23:11','2019-02-15 11:23:11'),(1485,'blu',0,101,'2019-02-15 11:23:11','2019-02-15 11:23:11'),(1488,'Відповідь<img src=\"/img/frontend/taskImages/Answer-1488-2\">',1,110,'2019-02-17 08:12:04','2019-02-17 08:12:41'),(1489,'ваиасиса',1,111,'2019-02-17 08:15:47','2019-02-17 08:15:56'),(1490,'655ruydtyttdytdyhd',0,112,'2019-02-17 08:28:01','2019-02-17 08:28:01'),(1491,'dtdyttdytdytdyt<img src=\"/img/frontend/taskImages/Answer-1491-2\">',1,112,'2019-02-17 08:28:01','2019-02-17 08:28:01'),(1492,'olkj;j<img src=\"/img/frontend/taskImages/Answer-1492-2\">',0,113,'2019-02-17 08:28:01','2019-02-17 08:28:01'),(1493,'oii',1,113,'2019-02-17 08:28:01','2019-02-17 08:28:01'),(1496,'654321&nbsp;&nbsp;<img src=\"/img/frontend/taskImages/Answer-1494-2\"><img src=\"/img/frontend/taskImages/Answer-1496-2\">',1,114,'2019-02-17 08:29:20','2019-02-17 08:29:20'),(1497,'123456789гнагет&nbsp;5678<img src=\"/img/frontend/taskImages/Answer-1495-3\">',0,114,'2019-02-17 08:29:20','2019-02-17 08:29:20'),(1498,'Руденко В.Ю.&nbsp;<img src=\"/img/frontend/taskImages/Answer-1498-4\">уа<sup>укакуп</sup>',1,115,'2019-02-17 08:32:22','2019-02-17 08:32:22'),(1499,'Руденко Ва<sup>укакуп</sup><img src=\"/img/frontend/taskImages/Answer-1499-4\">',1,116,'2019-02-17 08:32:22','2019-02-17 08:32:22'),(1500,'Руденко В.Ю.&nbsp;уа<sup>укакуп</sup>',1,117,'2019-02-17 08:32:22','2019-02-17 08:35:13'),(1501,'генагнагнагнагнагн',1,118,'2019-02-18 06:59:08','2019-02-18 06:59:08'),(1502,'гагна<u>нгага</u>',1,119,'2019-02-18 06:59:35','2019-02-18 06:59:35'),(1503,'6',1,120,'2019-02-18 07:09:16','2019-02-18 07:09:16'),(1504,'Перліт, ледебурит, цементит.',0,55,'2019-02-18 12:29:04','2019-02-18 12:29:04'),(1505,'Ферит, перліт, ледебурит перетворення.',0,55,'2019-02-18 12:29:04','2019-02-18 12:29:04'),(1506,'Ферит, цементит первинний, цементит вторинний, цементит третинний.',1,55,'2019-02-18 12:29:05','2019-02-18 12:29:05'),(1507,'Аустеніт, ферит, перліт, ледебурит.',0,55,'2019-02-18 12:29:05','2019-02-18 12:29:05'),(1508,'рис<img src=\"/img/frontend/taskImages/Answer-1508-2\">',0,66,'2019-02-18 12:37:06','2019-02-18 12:37:06'),(1509,'рис',0,66,'2019-02-18 12:37:06','2019-02-18 12:37:06'),(1510,'рис',0,66,'2019-02-18 12:37:07','2019-02-18 12:37:07'),(1511,'рис',1,66,'2019-02-18 12:37:07','2019-02-18 12:37:07'),(1512,'<p class=\"MsoNormal\" style=\"margin-right: -0.05pt; text-align: justify; text-indent: 35.45pt;\"><span lang=\"UK\" style=\"font-size: 12pt; font-family: &quot;Times New Roman&quot;, serif;\">Інформаційна система університету включає&nbsp;понад4,7 тис. комп’ютерних робочих місць,&nbsp;об’єднаних у мережу&nbsp;з доступом до Інтернету. Між базовим закладом та позабазовими підрозділами діють виділені лінії оптоволоконної мережі. Більша частина кампусу має&nbsp;покриття&nbsp;вільними&nbsp;зонами бездротового доступу&nbsp;з можливістю одночасного підключення&nbsp;до Internet&nbsp;близько 8,5&nbsp;тис. користувачів. Діють системи хмарного збереження даних. Застосовуються технології віртуалізації та кластерних обчислень. Працює власний сервер антивірусного захисту. Використовуються&nbsp;ліцензійні операційні системи&nbsp;від Microsoft&nbsp;та пакети прикладного програмного забезпечення&nbsp;(кількість&nbsp;діючих&nbsp;ліцензій&nbsp;на програмні продукти становить&nbsp;понад&nbsp;26 тисяч). Студенти та співробітники мають можливість отримання операційних систем та програмного забезпечення для персонального використання у рамках програм пільгового академічного ліцензування. Web-система СумДУ налічуєпонад 250 публічних сайтів&nbsp;українською, англійською та іншими мовами світу. Діють&nbsp;інтерактивні&nbsp;online-студії. Працює&nbsp;цілодобове&nbsp;інтернет-радіо, проводяться&nbsp;багатокамерні трансляції онлайн-телебачення. Діє комплексна&nbsp;автоматизована система&nbsp;управління, яка у цілому&nbsp;сертифікована за 3 класом захисту інформації(окремі модулі відповідають 1 класу).<o:p></o:p></span></p><p class=\"MsoNormal\" style=\"margin-right: -0.05pt; text-align: justify; text-indent: 35.45pt;\"><span lang=\"UK\" style=\"font-size: 12pt; font-family: &quot;Times New Roman&quot;, serif;\">Здійснюється&nbsp;постійна&nbsp;модернізація комп’ютерної техніки, програмного забезпечення та устаткування, яка значною мірою фінансується&nbsp;за рахунок&nbsp;надходжень від реалізації&nbsp;міжнародних&nbsp;грантових проектів.<o:p></o:p></span></p><p class=\"MsoNormal\" style=\"margin-right: -0.05pt; text-align: justify; text-indent: 35.45pt;\"><span lang=\"UK\" style=\"font-size: 12pt; font-family: &quot;Times New Roman&quot;, serif; letter-spacing: -0.1pt;\">Використовується</span><span lang=\"UK\" style=\"font-size: 12pt; font-family: &quot;Times New Roman&quot;, serif; letter-spacing: -0.1pt;\">&nbsp;також&nbsp;матеріальна&nbsp;база підприємств, установ, закладів та організацій, при яких діють філії та клінічні бази кафедр, на яких провадиться частина освітнього процесу.<o:p></o:p></span></p><p class=\"MsoNormal\" style=\"margin-right: -0.05pt; text-align: justify; text-indent: 35.45pt;\"><span lang=\"UK\" style=\"font-size: 12pt; font-family: &quot;Times New Roman&quot;, serif;\">Діє високотехнологічна&nbsp;бібліотечно-інформаційна система, яка містить&nbsp;близько&nbsp;3,1 млн. примірників&nbsp;з понад 417 тисяч найменувань&nbsp;28 мовами світу.&nbsp;Електронна бібліотека&nbsp;містить близько&nbsp;135 тисяч&nbsp;повнотекстових матеріалів. Надається&nbsp;доступ інформаційних&nbsp;наукових&nbsp;баз даних&nbsp;(у тому числі до комерційних з передплатою). Здійснюється передплата на українські та зарубіжні періодичні видання. Загальна кількість посадкових місць&nbsp;у&nbsp;читальних залах&nbsp;становить понад&nbsp;1,2 тис. місць,&nbsp;діють електронні читальні зали. Бібліотека СумДУ є дипломантом Всеукраїнського конкурсу&nbsp;«Бібліотека року».&nbsp;Електронний репозиторій&nbsp;містить&nbsp;<span style=\"background: aqua;\">понад70&nbsp;тисяч&nbsp;документів&nbsp;</span>та традиційно входить до&nbsp;Топ-100 світового рейтингу&nbsp;Transparent Ranking of Repositories&nbsp;(1 національна та&nbsp;39 світова позиція&nbsp;у січні 201</span><span lang=\"EN-US\" style=\"font-size: 12pt; font-family: &quot;Times New Roman&quot;, serif;\">9</span><span lang=\"UK\" style=\"font-size: 12pt; font-family: &quot;Times New Roman&quot;, serif;\">&nbsp;року).<o:p></o:p></span></p><p class=\"MsoNormal\" style=\"margin-right: -0.05pt; text-align: justify; text-indent: 35.45pt;\"><span lang=\"UK\" style=\"font-size: 12pt; font-family: &quot;Times New Roman&quot;, serif;\">Система електронного навчання</span><span lang=\"UK\" style=\"font-size: 12pt; font-family: &quot;Times New Roman&quot;, serif;\">&nbsp;університету забезпечує доступ до матеріалів українською, англійською та російською мовами з понад&nbsp;400 повнофункціональних курсів, розроблено понад&nbsp;1,9 тис. віртуальних тренажерів та інтерактивних демонстрацій, більше&nbsp;166 тис. тестових завдань, понад&nbsp;850 навчальних відеоматеріалів&nbsp;та інших складових e-learning. Для доступу до електронних навчально-методичних матеріалів з реєстрацією для всіх бажаючих розроблено платформу OCW. Діє платформа змішаного навчання «МіХ» для використання технологій електронного навчання для студентів денної та заочної форм підготовки.&nbsp;875&nbsp;осіб&nbsp;у&nbsp;повному обсязі&nbsp;здобувають освіту за дистанційними технологіями навчання.</span></p>',1,121,'2019-02-22 11:28:32','2019-02-22 11:28:32'),(1513,'<div>До послуг здобувачів вищої освіти та співробітників комплексу СумДУ 14 власних гуртожитків та гуртожиток-готель загальною потужністю близько 4 тис. місць.&nbsp;</div><div>Комплекс громадського харчування університету має потужність близько 1,8 тисячі місць. Діють корпус громадського харчування, студентський кава-клуб, мережа їдальнь, кафетеріїв та буфетів при навчальних корпусах та гуртожитках, їдальня при спортивно-оздоровчому центрі.</div><div>В університеті створена потужна база для розвитку фізкультури і спорту. Функціонують 5 окремих спорткомплексів (понад 40 спортивних споруд), на базі яких можуть одночасно займатись понад 5 тисяч осіб. Діють сучасний легкоатлетичний манеж, який сертифіковано на відповідність технічним вимогам Міжнародної асоціації легкоатлетичних федерацій та є основною тренувальною базою спортсменів Східного центру олімпійської підготовки з легкої атлетики, 2 плавальні басейни, лижна та водно-веслувальна бази, центр спортивної медицини та фізичної реабілітації, стадіони та обладнані спортмайданчики (у тому числі з штучним покриттям), тенісні корти, стрілецькі тири та майданчики для стрільби, шейпінг-центр та 2 фітнес-центри, обладнані спортивні, тренажерні та тренувальні зали. Працює центр допінг-контролю з необхідним медичним обладнанням.</div><div>Діють позаміський спортивно-оздоровчий центр, університетська клініка, а також мережа медичних пунктів, при яких працюють спеціалізовані лікувально-діагностичні, медико-профілактичні, лікувально-фізкультурні, фізіотерапевтичні та маніпуляційні кабінети, фітобар, реабілітаційний басейн.&nbsp;</div><div><br></div>',1,122,'2019-02-22 11:31:07','2019-02-22 11:31:07'),(1514,'<div>В університеті проведено обстеження будівель СумДУ та прилеглих територій щодо їх доступності для маломобільних груп населення, розроблено план-графік виконання робіт по забезпеченню безбар’єрного доступу приміщень СумДУ для осіб з особливими потребами, а також визначені необхідні обсяги фінансування. Згідно з графіком проводяться облаштування територій, улаштування пандусів, реконструкції санвузлів, монтаж підйомників, облаштування усіх будівель і споруд тактильними покажчиками з шрифтом Брайля та виконуються інші передбачені заходи.</div><div>Для студентів, які мають захворювання опорно-рухового апарату та відвідують університет, розклад занять складається таким чином, щоб усі заняття проходили у навчальних корпусах, обладнаних пандусами та ліфтами або лише на перших поверхах навчальних корпусів без ліфтів. Для осіб з особливими освітніми потребами, які не мають можливості відвідувати університет, створені умови для здобуття вищої освіти вдома за дистанційними технологіями навчання.</div><div>На сьогодні для маломобільних груп населення забезпечено безбар’єрний доступ до навчальних приміщень на перших поверхах основних будівель, які задіяні у освітній діяльності. У всіх будівлях та спорудах, які не відповідали необхідним вимогам, розширені дверні прорізи. Один з навчальних корпусів, конгрес-центр, університетська клініка, чотири гуртожитки та гуртожиток-готель обладнані ліфтами, які відповідають вимогам ДБН В.2.2-3:2018 та ДБН В.2.2 17:2016. На 2019 рік заплановано облаштування для потреб осіб з обмеженими фізичними можливостями сходів усіх будівель та споруд. Санвузлами, придатними для використання маломобільними групами населення обладнано конгрес-центр, відповідне обладнання санвузлів навчальних корпусів, спортивних споруд та гуртожитку-готелю заплановане на 2019-2020 роки.</div><div><br></div>',1,123,'2019-02-22 11:34:29','2019-02-22 11:34:29'),(1515,'sadasdasdasdas',1,124,'2019-02-28 14:27:48','2019-02-28 14:27:48'),(1516,'asdasdas',1,125,'2019-02-28 14:28:00','2019-02-28 14:28:00'),(1517,'asdasdas',1,126,'2019-02-28 14:28:00','2019-02-28 14:28:00'),(1518,'asdasd',1,127,'2019-02-28 14:28:00','2019-02-28 14:28:00'),(1519,'Перліт.',0,56,'2019-03-05 08:06:44','2019-03-05 08:06:44'),(1520,'Цементит.',0,56,'2019-03-05 08:06:44','2019-03-05 08:06:44'),(1521,'Ледебурит.',1,56,'2019-03-05 08:06:44','2019-03-05 08:06:44'),(1522,'Ферит + перліт.',0,56,'2019-03-05 08:06:44','2019-03-05 08:06:44');
/*!40000 ALTER TABLE `answers` ENABLE KEYS */;
UNLOCK TABLES;

--
-- Table structure for table `blanks`
--

DROP TABLE IF EXISTS `blanks`;
/*!40101 SET @saved_cs_client     = @@character_set_client */;
/*!40101 SET character_set_client = utf8 */;
CREATE TABLE `blanks` (
  `id` int(10) unsigned NOT NULL AUTO_INCREMENT,
  `variant` int(11) NOT NULL,
  `cypter` text,
  `id_speciality` int(11) NOT NULL,
  `url_blank` text NOT NULL,
  `created_at` datetime NOT NULL,
  `updated_at` datetime NOT NULL DEFAULT CURRENT_TIMESTAMP,
  PRIMARY KEY (`id`)
) ENGINE=InnoDB AUTO_INCREMENT=515 DEFAULT CHARSET=latin1;
/*!40101 SET character_set_client = @saved_cs_client */;

--
-- Dumping data for table `blanks`
--

LOCK TABLES `blanks` WRITE;
/*!40000 ALTER TABLE `blanks` DISABLE KEYS */;
INSERT INTO `blanks` VALUES (483,1,'100534236899',11,'/storage/generatedPdf/11/1','2018-12-21 08:05:37','2018-12-21 08:05:37'),(484,1,'100539663247',10,'/storage/generatedPdf/10/1','2018-12-21 08:05:42','2018-12-21 08:05:42'),(485,2,'113257004958',10,'/storage/generatedPdf/10/2','2018-12-21 09:32:59','2018-12-21 09:32:59'),(486,2,'113410041656',11,'/storage/generatedPdf/11/2','2018-12-21 09:34:12','2018-12-21 09:34:12'),(487,1,'113435101887',13,'/storage/generatedPdf/13/1','2018-12-21 09:34:36','2018-12-21 09:34:36'),(488,1,'113448057951',14,'/storage/generatedPdf/14/1','2018-12-21 09:34:49','2018-12-21 09:34:49'),(489,3,'113500830281',11,'/storage/generatedPdf/11/3','2018-12-21 09:35:03','2018-12-21 09:35:03'),(490,4,'113503681440',11,'/storage/generatedPdf/11/4','2018-12-21 09:35:06','2018-12-21 09:35:06'),(491,5,'113506515291',11,'/storage/generatedPdf/11/5','2018-12-21 09:35:09','2018-12-21 09:35:09'),(492,6,'113509187134',11,'/storage/generatedPdf/11/6','2018-12-21 09:35:11','2018-12-21 09:35:11'),(493,7,'113511859287',11,'/storage/generatedPdf/11/7','2018-12-21 09:35:14','2018-12-21 09:35:14'),(494,8,'113523335927',11,'/storage/generatedPdf/11/8','2018-12-21 09:35:25','2018-12-21 09:35:25'),(495,9,'113526013604',11,'/storage/generatedPdf/11/9','2018-12-21 09:35:28','2018-12-21 09:35:28'),(496,10,'113528783633',11,'/storage/generatedPdf/11/10','2018-12-21 09:35:31','2018-12-21 09:35:31'),(497,11,'113531528748',11,'/storage/generatedPdf/11/11','2018-12-21 09:35:34','2018-12-21 09:35:34'),(498,12,'113534304817',11,'/storage/generatedPdf/11/12','2018-12-21 09:35:36','2018-12-21 09:35:36'),(499,13,'113546881551',11,'/storage/generatedPdf/11/13','2018-12-21 09:35:49','2018-12-21 09:35:49'),(500,14,'113549551782',11,'/storage/generatedPdf/11/14','2018-12-21 09:35:52','2018-12-21 09:35:52'),(501,3,'212331216651',10,'/storage/generatedPdf/10/3','2018-12-26 19:23:35','2018-12-26 19:23:35'),(502,1,'105101403119',22,'/storage/generatedPdf/22/1','2019-02-17 08:51:03','2019-02-17 08:51:03'),(503,1,'105655754554',21,'/storage/generatedPdf/21/1','2019-02-17 08:57:01','2019-02-17 08:57:01'),(506,15,'150723641151',11,'/storage/generatedPdf/11/15','2019-02-28 13:07:26','2019-02-28 13:07:26'),(507,2,'160815858763',14,'/storage/generatedPdf/14/2','2019-02-28 14:08:17','2019-02-28 14:08:17'),(508,3,'160817625074',14,'/storage/generatedPdf/14/3','2019-02-28 14:08:19','2019-02-28 14:08:19'),(509,4,'160841929705',14,'/storage/generatedPdf/14/4','2019-02-28 14:08:43','2019-02-28 14:08:43'),(510,5,'160843642347',14,'/storage/generatedPdf/14/5','2019-02-28 14:08:45','2019-02-28 14:08:45'),(511,6,'161320125135',14,'/storage/generatedPdf/14/6','2019-02-28 14:13:21','2019-02-28 14:13:21'),(512,7,'161321905349',14,'/storage/generatedPdf/14/7','2019-02-28 14:13:23','2019-02-28 14:13:23'),(513,4,'161347922999',10,'/storage/generatedPdf/10/4','2019-02-28 14:13:49','2019-02-28 14:13:49'),(514,1,'162222400196',29,'/storage/generatedPdf/29/1','2019-03-04 14:22:23','2019-03-04 14:22:23');
/*!40000 ALTER TABLE `blanks` ENABLE KEYS */;
UNLOCK TABLES;

--
-- Table structure for table `blocks`
--

DROP TABLE IF EXISTS `blocks`;
/*!40101 SET @saved_cs_client     = @@character_set_client */;
/*!40101 SET character_set_client = utf8 */;
CREATE TABLE `blocks` (
  `id` int(10) unsigned NOT NULL AUTO_INCREMENT,
  `block_name` varchar(191) COLLATE utf8mb4_unicode_ci NOT NULL,
  `weight_question` decimal(8,2) NOT NULL,
  `count_q_this_block` int(11) NOT NULL,
  `id_speciality` int(10) unsigned NOT NULL,
  `countAnswers` int(9) NOT NULL,
  `count_chosed_questions` int(11) NOT NULL DEFAULT '0',
  `type` int(10) NOT NULL DEFAULT '0',
  `blank_text` varchar(1000) COLLATE utf8mb4_unicode_ci DEFAULT NULL,
  `url_image` varchar(300) COLLATE utf8mb4_unicode_ci DEFAULT '0',
  `task_title` varchar(150) COLLATE utf8mb4_unicode_ci DEFAULT NULL,
  `created_at` timestamp NULL DEFAULT NULL,
  `updated_at` timestamp NULL DEFAULT NULL,
  PRIMARY KEY (`id`),
  KEY `id_specialty` (`id_speciality`),
  CONSTRAINT `blocks_ibfk_1` FOREIGN KEY (`id_speciality`) REFERENCES `specialities` (`id`) ON DELETE CASCADE ON UPDATE NO ACTION
) ENGINE=InnoDB AUTO_INCREMENT=126 DEFAULT CHARSET=utf8mb4 COLLATE=utf8mb4_unicode_ci;
/*!40101 SET character_set_client = @saved_cs_client */;

--
-- Dumping data for table `blocks`
--

LOCK TABLES `blocks` WRITE;
/*!40000 ALTER TABLE `blocks` DISABLE KEYS */;
INSERT INTO `blocks` VALUES (80,'Держава',1.00,10,11,4,10,0,NULL,'0',NULL,'2018-12-03 16:03:05','2018-12-26 09:55:30'),(81,'Працевлаштування',4.00,20,11,4,20,0,NULL,'0',NULL,'2018-12-03 16:36:32','2018-12-26 09:55:30'),(96,'7',20.00,5,10,2,5,0,NULL,'0',NULL,'2018-12-05 09:08:41','2018-12-18 07:43:59'),(98,'Адмін. відповідальність',1.00,16,11,4,5,0,NULL,'0',NULL,'2018-12-05 16:05:39','2018-12-26 09:55:30'),(99,'Конституція',1.00,10,11,4,5,0,NULL,'0',NULL,'2018-12-05 16:53:49','2018-12-26 09:55:30'),(100,'Hello world',0.10,10,7,1,0,0,NULL,'0',NULL,'2018-12-06 05:25:00','2018-12-21 09:31:37'),(104,'test1',1.00,10,7,4,0,0,NULL,'0',NULL,'2018-12-22 09:12:37','2018-12-22 09:13:43'),(105,'j',3.00,3,15,3,0,0,NULL,'0',NULL,'2018-12-22 09:16:26','2018-12-22 09:16:26'),(106,'Тест1',1.00,3,7,1,0,0,NULL,'0',NULL,'2018-12-26 19:14:12','2018-12-26 19:14:12'),(107,'Металознавство',1.00,32,17,4,0,0,NULL,'0',NULL,'2019-01-02 10:38:12','2019-01-03 08:05:54'),(108,'Кольорові метали і сплави',1.00,30,17,4,0,0,NULL,'0',NULL,'2019-01-03 08:11:12','2019-01-03 08:11:12'),(115,'Завдання',100.00,2,23,1,1,0,NULL,'0',NULL,'2019-02-18 06:51:09','2019-02-18 06:59:35'),(116,'Hello world',50.00,0,24,2,0,1,'yutr','0','111','2019-02-18 07:01:21','2019-02-18 07:02:26'),(117,'1111',50.00,0,24,1,0,0,'','0','11','2019-02-18 07:08:43','2019-02-18 07:08:43'),(118,'en',1.00,0,24,1,0,0,'','0','1','2019-02-18 07:10:37','2019-02-18 07:10:37'),(119,'Hello world',2.00,0,26,1,0,0,'','0','vvv','2019-02-18 07:41:35','2019-02-18 07:41:35'),(120,'Завдання',100.00,3,27,1,1,0,NULL,'0',NULL,'2019-02-18 13:08:47','2019-02-22 11:34:29'),(123,'SECTION 1: READING',2.00,0,28,6,0,1,'IS	FAST FASHION TAKING OVER?\nIt is estimated that the high-street fashion industry is worth around £45bil!ion in the UK alone. Traditionally, fashion\nretailers had four collections per year. 1	Nowadays fast-fashion companies can design and manufacture\nclothes In as little as four weeks. Fast fashion means that the iatest designs that appear at the fashion shows in\nParis, London and Milan can be copied as quickly as possible. 2	This means a typical fast-fashion retailer\ncan stock 10,000 items annually, compared with 2,000 for its competitors\nToe advantages of rapidly changing fashions are clear. Shortening the product life cycle means that a design\ndoesn’t sell well within a week. 3	This is good for the manufacturer as it means greater volumes of sales,\nand good for the customer as they can keep up with fast-moving trends cheaply and every time they visit the store,\nthere is something new.\nHowever, there are also a number of disadvantages to this approach. 4	Buying twelve new sets of cl','0','Read the text. Seven sentences have been removed from it. Choose from the sentences (A - H) the one which best fits each gap (1 - 7). There is one ext','2019-02-28 13:42:59','2019-02-28 13:42:59'),(124,'Завдання',100.00,4,29,1,1,2,NULL,'0',NULL,'2019-02-28 14:26:42','2019-02-28 14:28:00'),(125,'asdasdas',0.30,0,30,2,0,0,'','0','asdasdas','2019-02-28 14:28:24','2019-02-28 14:28:24');
/*!40000 ALTER TABLE `blocks` ENABLE KEYS */;
UNLOCK TABLES;

--
-- Table structure for table `cafedres`
--

DROP TABLE IF EXISTS `cafedres`;
/*!40101 SET @saved_cs_client     = @@character_set_client */;
/*!40101 SET character_set_client = utf8 */;
CREATE TABLE `cafedres` (
  `id` int(10) unsigned NOT NULL AUTO_INCREMENT,
  `address` text COLLATE utf8mb4_unicode_ci NOT NULL,
  `contact_phones` text COLLATE utf8mb4_unicode_ci,
  `website` text COLLATE utf8mb4_unicode_ci,
  `name_cafedres` varchar(191) COLLATE utf8mb4_unicode_ci NOT NULL,
  `created_at` timestamp NULL DEFAULT NULL,
  `updated_at` timestamp NULL DEFAULT NULL,
  PRIMARY KEY (`id`)
) ENGINE=InnoDB AUTO_INCREMENT=23 DEFAULT CHARSET=utf8mb4 COLLATE=utf8mb4_unicode_ci;
/*!40101 SET character_set_client = @saved_cs_client */;

--
-- Dumping data for table `cafedres`
--

LOCK TABLES `cafedres` WRITE;
/*!40000 ALTER TABLE `cafedres` DISABLE KEYS */;
INSERT INTO `cafedres` VALUES (1,'yttf','066412','uyfytf','Програмування','2018-11-25 11:48:04','2018-12-21 09:26:05'),(7,'вул.','3','36','Компютерних наук','2018-12-03 10:59:17','2018-12-03 15:56:46'),(18,'вул. 1-ша Замостянська','+38 (066) 425-18-83','','ПМіТКМ','2018-12-22 17:18:16','2018-12-22 18:25:32'),(19,'12334','111111111','111111','Test','2019-02-18 06:50:06','2019-02-18 06:50:06'),(20,'2','2','2','En','2019-02-18 07:15:23','2019-02-18 07:15:23'),(21,'766','666','666','Тест','2019-02-18 13:07:50','2019-02-18 13:08:06'),(22,'sadasdasdas','sadasdas','dasdas','test gias','2019-02-28 14:25:53','2019-02-28 14:25:53');
/*!40000 ALTER TABLE `cafedres` ENABLE KEYS */;
UNLOCK TABLES;

--
-- Table structure for table `commissioners`
--

DROP TABLE IF EXISTS `commissioners`;
/*!40101 SET @saved_cs_client     = @@character_set_client */;
/*!40101 SET character_set_client = utf8 */;
CREATE TABLE `commissioners` (
  `id` int(10) unsigned NOT NULL AUTO_INCREMENT,
  `commissioner_name` text NOT NULL,
  `commissioner_position` text NOT NULL,
  `speciality_id` int(10) NOT NULL,
  PRIMARY KEY (`id`),
  KEY `speciality_id` (`speciality_id`)
) ENGINE=InnoDB AUTO_INCREMENT=20 DEFAULT CHARSET=utf8;
/*!40101 SET character_set_client = @saved_cs_client */;

--
-- Dumping data for table `commissioners`
--

LOCK TABLES `commissioners` WRITE;
/*!40000 ALTER TABLE `commissioners` DISABLE KEYS */;
INSERT INTO `commissioners` VALUES (2,'Бондаренко В.ю','Голова',11),(6,'Валисьев В.К.','!Голова',11),(7,'World','Hello',10),(8,'П,Р. магаз','мер',19),(9,'Руденко В.Б.','Ректор',21),(10,'Руденко А.А.','!Ректор',21),(14,'еееее','Руд',22),(15,'2','2',23),(18,'Біденко Л.В.','Голова',27),(19,'asdas','dsad',29);
/*!40000 ALTER TABLE `commissioners` ENABLE KEYS */;
UNLOCK TABLES;

--
-- Table structure for table `generated_questions`
--

DROP TABLE IF EXISTS `generated_questions`;
/*!40101 SET @saved_cs_client     = @@character_set_client */;
/*!40101 SET character_set_client = utf8 */;
CREATE TABLE `generated_questions` (
  `id` int(11) NOT NULL AUTO_INCREMENT,
  `questions_id` varchar(500) NOT NULL,
  `speciality_id` int(11) NOT NULL,
  PRIMARY KEY (`id`)
) ENGINE=InnoDB AUTO_INCREMENT=17 DEFAULT CHARSET=latin1;
/*!40101 SET character_set_client = @saved_cs_client */;

--
-- Dumping data for table `generated_questions`
--

LOCK TABLES `generated_questions` WRITE;
/*!40000 ALTER TABLE `generated_questions` DISABLE KEYS */;
INSERT INTO `generated_questions` VALUES (1,'a:1:{i:0;i:117;}',22),(2,'a:3:{i:0;i:112;i:1;i:113;i:2;i:114;}',21),(5,'a:18:{i:0;i:1;i:1;i:2;i:2;i:3;i:3;i:14;i:4;i:15;i:5;i:16;i:6;i:17;i:7;i:98;i:8;i:4;i:9;i:5;i:10;i:6;i:11;i:7;i:12;i:8;i:13;i:9;i:14;i:10;i:15;i:11;i:16;i:12;i:17;i:13;}',11),(9,'a:0:{}',14),(11,'a:5:{i:0;i:18;i:1;i:19;i:2;i:20;i:3;i:21;i:4;i:22;}',10),(13,'a:3:{i:0;i:123;i:1;i:121;i:2;i:122;}',27),(14,'a:1:{i:0;i:118;}',23),(15,'a:2:{i:0;i:126;i:1;i:127;}',29),(16,'a:16:{i:0;i:23;i:1;i:24;i:2;i:25;i:3;i:26;i:4;i:27;i:5;i:28;i:6;i:29;i:7;i:30;i:8;i:31;i:9;i:99;i:10;i:32;i:11;i:33;i:12;i:34;i:13;i:35;i:14;i:36;i:15;i:37;}',7);
/*!40000 ALTER TABLE `generated_questions` ENABLE KEYS */;
UNLOCK TABLES;

--
-- Table structure for table `history`
--

DROP TABLE IF EXISTS `history`;
/*!40101 SET @saved_cs_client     = @@character_set_client */;
/*!40101 SET character_set_client = utf8 */;
CREATE TABLE `history` (
  `id` int(10) unsigned NOT NULL AUTO_INCREMENT,
  `type_id` int(10) unsigned NOT NULL,
  `user_id` int(10) unsigned NOT NULL,
  `entity_id` int(10) unsigned DEFAULT NULL,
  `icon` varchar(191) COLLATE utf8mb4_unicode_ci DEFAULT NULL,
  `class` varchar(191) COLLATE utf8mb4_unicode_ci DEFAULT NULL,
  `text` varchar(191) COLLATE utf8mb4_unicode_ci NOT NULL,
  `assets` text COLLATE utf8mb4_unicode_ci,
  `created_at` timestamp NULL DEFAULT NULL,
  `updated_at` timestamp NULL DEFAULT NULL,
  PRIMARY KEY (`id`),
  KEY `history_type_id_foreign` (`type_id`),
  KEY `history_user_id_foreign` (`user_id`),
  CONSTRAINT `history_type_id_foreign` FOREIGN KEY (`type_id`) REFERENCES `history_types` (`id`) ON DELETE CASCADE,
  CONSTRAINT `history_user_id_foreign` FOREIGN KEY (`user_id`) REFERENCES `users` (`id`) ON DELETE CASCADE
) ENGINE=InnoDB AUTO_INCREMENT=65 DEFAULT CHARSET=utf8mb4 COLLATE=utf8mb4_unicode_ci;
/*!40101 SET character_set_client = @saved_cs_client */;

--
-- Dumping data for table `history`
--

LOCK TABLES `history` WRITE;
/*!40000 ALTER TABLE `history` DISABLE KEYS */;
INSERT INTO `history` VALUES (1,1,1,1,'lock','bg-blue','trans(\"history.backend.users.changed_password\") <strong>{user}</strong>','{\"user_link\":[\"admin.access.user.show\",\"Vlad Davidenko\",1]}','2018-10-03 09:33:13','2018-10-03 09:33:13'),(2,2,1,1,'save','bg-aqua','trans(\"history.backend.roles.updated\") <strong>Адміністратор</strong>',NULL,'2018-10-03 09:36:16','2018-10-03 09:36:16'),(3,2,1,2,'save','bg-aqua','trans(\"history.backend.roles.updated\") <strong>Представник ОМУ</strong>',NULL,'2018-10-03 09:36:34','2018-10-03 09:36:34'),(4,2,1,3,'save','bg-aqua','trans(\"history.backend.roles.updated\") <strong>Представник кафедри</strong>',NULL,'2018-10-03 09:36:54','2018-10-03 09:36:54'),(5,2,1,4,'plus','bg-green','trans(\"history.backend.roles.created\") <strong>Адміністратор ОМУ</strong>',NULL,'2018-10-03 10:23:57','2018-10-03 10:23:57'),(6,2,1,2,'save','bg-aqua','trans(\"history.backend.roles.updated\") <strong>Представник ОМУ</strong>',NULL,'2018-10-03 10:26:18','2018-10-03 10:26:18'),(7,2,1,2,'save','bg-aqua','trans(\"history.backend.roles.updated\") <strong>Представник ОМУ</strong>',NULL,'2018-10-03 10:27:16','2018-10-03 10:27:16'),(8,2,1,4,'save','bg-aqua','trans(\"history.backend.roles.updated\") <strong>Адміністратор ОМУ</strong>',NULL,'2018-10-03 10:27:31','2018-10-03 10:27:31'),(9,2,1,3,'save','bg-aqua','trans(\"history.backend.roles.updated\") <strong>Представник кафедри</strong>',NULL,'2018-10-03 10:27:44','2018-10-03 10:27:44'),(10,1,1,4,'plus','bg-green','trans(\"history.backend.users.created\") <strong>{user}</strong>','{\"user_link\":[\"admin.access.user.show\",\"\\u0412\\u043e\\u043b\\u043e\\u0434\\u0438\\u043c\\u0438\\u0440 \\u0411\\u043e\\u0440\\u0438\\u0441\\u043e\\u0432\\u0438\\u0447 \\u042e\\u0441\\u043a\\u0430\\u0454\\u0432\",4]}','2018-10-03 10:39:07','2018-10-03 10:39:07'),(11,1,1,3,'save','bg-aqua','trans(\"history.backend.users.updated\") <strong>{user}</strong>','{\"user_link\":[\"admin.access.user.show\",\"\\u0412\\u0456\\u043a\\u0442\\u043e\\u0440 \\u041e\\u0431\\u043e\\u0434\\u044f\\u043a\",3]}','2018-10-03 10:43:34','2018-10-03 10:43:34'),(12,1,1,2,'save','bg-aqua','trans(\"history.backend.users.updated\") <strong>{user}</strong>','{\"user_link\":[\"admin.access.user.show\",\"\\u041e\\u041c\\u0423 \\u041f\\u0440\\u0435\\u0434\\u0441\\u0442\\u0430\\u0432\\u043d\\u0438\\u043a 1\",2]}','2018-10-03 10:46:09','2018-10-03 10:46:09'),(13,2,1,4,'save','bg-aqua','trans(\"history.backend.roles.updated\") <strong>Адміністратор ОМУ</strong>',NULL,'2018-10-03 10:57:20','2018-10-03 10:57:20'),(14,2,1,4,'save','bg-aqua','trans(\"history.backend.roles.updated\") <strong>Адміністратор ОМУ</strong>',NULL,'2018-10-03 10:57:56','2018-10-03 10:57:56'),(15,1,1,4,'save','bg-aqua','trans(\"history.backend.users.updated\") <strong>{user}</strong>','{\"user_link\":[\"admin.access.user.show\",\"\\u0412\\u043e\\u043b\\u043e\\u0434\\u0438\\u043c\\u0438\\u0440 \\u0411\\u043e\\u0440\\u0438\\u0441\\u043e\\u0432\\u0438\\u0447 \\u042e\\u0441\\u043a\\u0430\\u0454\\u0432\",4]}','2018-10-03 10:59:54','2018-10-03 10:59:54'),(16,1,1,3,'save','bg-aqua','trans(\"history.backend.users.updated\") <strong>{user}</strong>','{\"user_link\":[\"admin.access.user.show\",\"\\u0412\\u0456\\u043a\\u0442\\u043e\\u0440 \\u041a\\u043e\\u0440\\u043d\\u0435\\u043b\\u0456\\u0439\\u043e\\u0432\\u0438\\u0447 \\u041e\\u0431\\u043e\\u0434\\u044f\\u043a\",3]}','2018-10-03 17:53:34','2018-10-03 17:53:34'),(17,7,1,1,'plus','bg-green','trans(\"history.backend.blogcategories.created\") <strong>Кафедра комп`ютерних наук</strong>',NULL,'2018-10-05 04:54:51','2018-10-05 04:54:51'),(18,2,1,3,'save','bg-aqua','trans(\"history.backend.roles.updated\") <strong>Представник кафедри</strong>',NULL,'2018-10-05 05:17:55','2018-10-05 05:17:55'),(19,7,1,1,'save','bg-aqua','trans(\"history.backend.blogcategories.updated\") <strong>Кафедра комп`ютерних наук</strong>',NULL,'2018-10-05 05:20:35','2018-10-05 05:20:35'),(20,6,1,1,'plus','bg-green','trans(\"history.backend.blogtags.created\") <strong>ІКТ</strong>',NULL,'2018-10-05 05:21:03','2018-10-05 05:21:03'),(21,8,1,1,'plus','bg-green','trans(\"history.backend.blogs.created\") <strong>ІКТ</strong>',NULL,'2018-10-05 05:27:52','2018-10-05 05:27:52'),(22,2,1,3,'save','bg-aqua','trans(\"history.backend.roles.updated\") <strong>Представник кафедри</strong>',NULL,'2018-10-05 05:30:53','2018-10-05 05:30:53'),(23,2,1,3,'save','bg-aqua','trans(\"history.backend.roles.updated\") <strong>Представник кафедри</strong>',NULL,'2018-10-05 05:35:29','2018-10-05 05:35:29'),(24,1,1,3,'save','bg-aqua','trans(\"history.backend.users.updated\") <strong>{user}</strong>','{\"user_link\":[\"admin.access.user.show\",\"\\u0412\\u0456\\u043a\\u0442\\u043e\\u0440 \\u041a\\u043e\\u0440\\u043d\\u0435\\u043b\\u0456\\u0439\\u043e\\u0432\\u0438\\u0447 \\u041e\\u0431\\u043e\\u0434\\u044f\\u043a\",3]}','2018-10-05 05:36:28','2018-10-05 05:36:28'),(25,1,1,3,'save','bg-aqua','trans(\"history.backend.users.updated\") <strong>{user}</strong>','{\"user_link\":[\"admin.access.user.show\",\"\\u0412\\u0456\\u043a\\u0442\\u043e\\u0440 \\u041a\\u043e\\u0440\\u043d\\u0435\\u043b\\u0456\\u0439\\u043e\\u0432\\u0438\\u0447 \\u041e\\u0431\\u043e\\u0434\\u044f\\u043a\",3]}','2018-10-05 05:37:07','2018-10-05 05:37:07'),(26,2,1,4,'save','bg-aqua','trans(\"history.backend.roles.updated\") <strong>Адміністратор ОМУ</strong>',NULL,'2018-10-05 05:40:34','2018-10-05 05:40:34'),(27,1,1,4,'save','bg-aqua','trans(\"history.backend.users.updated\") <strong>{user}</strong>','{\"user_link\":[\"admin.access.user.show\",\"\\u0412\\u043e\\u043b\\u043e\\u0434\\u0438\\u043c\\u0438\\u0440 \\u0411\\u043e\\u0440\\u0438\\u0441\\u043e\\u0432\\u0438\\u0447 \\u042e\\u0441\\u043a\\u0430\\u0454\\u0432\",4]}','2018-10-05 05:42:09','2018-10-05 05:42:09'),(28,1,1,4,'save','bg-aqua','trans(\"history.backend.users.updated\") <strong>{user}</strong>','{\"user_link\":[\"admin.access.user.show\",\"\\u0412\\u043e\\u043b\\u043e\\u0434\\u0438\\u043c\\u0438\\u0440 \\u0411\\u043e\\u0440\\u0438\\u0441\\u043e\\u0432\\u0438\\u0447 \\u042e\\u0441\\u043a\\u0430\\u0454\\u0432\",4]}','2018-10-05 05:44:19','2018-10-05 05:44:19'),(29,2,1,4,'save','bg-aqua','trans(\"history.backend.roles.updated\") <strong>Адміністратор ОМУ</strong>',NULL,'2018-10-05 05:47:35','2018-10-05 05:47:35'),(30,1,1,4,'save','bg-aqua','trans(\"history.backend.users.updated\") <strong>{user}</strong>','{\"user_link\":[\"admin.access.user.show\",\"\\u0412\\u043e\\u043b\\u043e\\u0434\\u0438\\u043c\\u0438\\u0440 \\u0411\\u043e\\u0440\\u0438\\u0441\\u043e\\u0432\\u0438\\u0447 \\u042e\\u0441\\u043a\\u0430\\u0454\\u0432\",4]}','2018-10-05 05:47:51','2018-10-05 05:47:51'),(31,1,1,3,'save','bg-aqua','trans(\"history.backend.users.updated\") <strong>{user}</strong>','{\"user_link\":[\"admin.access.user.show\",\"\\u0412\\u0456\\u043a\\u0442\\u043e\\u0440 \\u041a\\u043e\\u0440\\u043d\\u0435\\u043b\\u0456\\u0439\\u043e\\u0432\\u0438\\u0447 \\u041e\\u0431\\u043e\\u0434\\u044f\\u043a\",3]}','2018-10-05 06:00:02','2018-10-05 06:00:02'),(32,2,1,1,'save','bg-aqua','trans(\"history.backend.roles.updated\") <strong>Адміністратор</strong>',NULL,'2018-10-05 07:34:56','2018-10-05 07:34:56'),(33,2,1,1,'save','bg-aqua','trans(\"history.backend.roles.updated\") <strong>Адміністратор</strong>',NULL,'2018-10-05 07:37:26','2018-10-05 07:37:26'),(34,1,1,5,'plus','bg-green','trans(\"history.backend.users.created\") <strong>{user}</strong>','{\"user_link\":[\"admin.access.user.show\",\"\\u0412\\u0430\\u0434\\u0438\\u043c \\u0411\\u043e\\u043d\\u0434\\u0430\\u0440\\u0435\\u043d\\u043a\\u043e\",5]}','2018-10-08 06:05:52','2018-10-08 06:05:52'),(35,3,1,49,'plus','bg-green','trans(\"history.backend.permissions.created\") <strong>view-omu</strong>',NULL,'2018-11-09 12:17:22','2018-11-09 12:17:22'),(36,2,1,2,'save','bg-aqua','trans(\"history.backend.roles.updated\") <strong>Представник ОМУ</strong>',NULL,'2018-11-09 12:19:42','2018-11-09 12:19:42'),(37,1,1,6,'plus','bg-green','trans(\"history.backend.users.created\") <strong>{user}</strong>','{\"user_link\":[\"admin.access.user.show\",\"Vadim Bond\",6]}','2018-11-09 12:21:02','2018-11-09 12:21:02'),(38,3,1,49,'save','bg-aqua','trans(\"history.backend.permissions.updated\") <strong>view-omu</strong>',NULL,'2018-11-09 12:27:37','2018-11-09 12:27:37'),(39,2,1,2,'save','bg-aqua','trans(\"history.backend.roles.updated\") <strong>Представник ОМУ</strong>',NULL,'2018-11-09 12:30:48','2018-11-09 12:30:48'),(40,1,1,6,'save','bg-aqua','trans(\"history.backend.users.updated\") <strong>{user}</strong>','{\"user_link\":[\"admin.access.user.show\",\"Vadim Bond\",6]}','2018-11-09 12:31:03','2018-11-09 12:31:03'),(41,2,1,2,'save','bg-aqua','trans(\"history.backend.roles.updated\") <strong>Представник ОМУ</strong>',NULL,'2018-11-09 12:35:15','2018-11-09 12:35:15'),(42,3,1,49,'save','bg-aqua','trans(\"history.backend.permissions.updated\") <strong>view-omu</strong>',NULL,'2018-11-13 06:25:54','2018-11-13 06:25:54'),(43,2,1,2,'save','bg-aqua','trans(\"history.backend.roles.updated\") <strong>Представник ОМУ</strong>',NULL,'2018-11-13 06:29:14','2018-11-13 06:29:14'),(44,2,1,2,'save','bg-aqua','trans(\"history.backend.roles.updated\") <strong>Представник ОМУ</strong>',NULL,'2018-11-14 05:34:02','2018-11-14 05:34:02'),(45,3,1,50,'plus','bg-green','trans(\"history.backend.permissions.created\") <strong>view-responsible-omu</strong>',NULL,'2018-11-25 12:36:27','2018-11-25 12:36:27'),(46,2,1,5,'plus','bg-green','trans(\"history.backend.roles.created\") <strong>Відповідальний ОМУ</strong>',NULL,'2018-11-25 12:37:36','2018-11-25 12:37:36'),(47,2,1,5,'save','bg-aqua','trans(\"history.backend.roles.updated\") <strong>Відповідальний ОМУ</strong>',NULL,'2018-11-25 12:37:46','2018-11-25 12:37:46'),(48,2,1,5,'save','bg-aqua','trans(\"history.backend.roles.updated\") <strong>Відповідальний ОМУ</strong>',NULL,'2018-11-25 12:37:58','2018-11-25 12:37:58'),(49,2,1,5,'save','bg-aqua','trans(\"history.backend.roles.updated\") <strong>Відповідальний ОМУ</strong>',NULL,'2018-11-25 12:38:03','2018-11-25 12:38:03'),(50,1,1,7,'plus','bg-green','trans(\"history.backend.users.created\") <strong>{user}</strong>','{\"user_link\":[\"admin.access.user.show\",\"vadim vadim\",7]}','2018-11-25 12:39:19','2018-11-25 12:39:19'),(51,3,1,50,'save','bg-aqua','trans(\"history.backend.permissions.updated\") <strong>view-verification-person</strong>',NULL,'2018-11-29 10:16:13','2018-11-29 10:16:13'),(52,2,1,5,'save','bg-aqua','trans(\"history.backend.roles.updated\") <strong>Верифікуюча особа</strong>',NULL,'2018-11-29 10:19:51','2018-11-29 10:19:51'),(53,1,1,1,'lock','bg-blue','trans(\"history.backend.users.changed_password\") <strong>{user}</strong>','{\"user_link\":[\"admin.access.user.show\",\"Admin \\u0413\\u0418\\u0410\\u0421\",1]}','2018-12-02 13:00:05','2018-12-02 13:00:05'),(54,3,1,3,'trash','bg-maroon','trans(\"history.backend.permissions.deleted\") <strong>view-access-management</strong>',NULL,'2018-12-02 13:56:22','2018-12-02 13:56:22'),(55,3,1,31,'trash','bg-maroon','trans(\"history.backend.permissions.deleted\") <strong>delete-email-template</strong>',NULL,'2018-12-02 13:56:51','2018-12-02 13:56:51'),(56,3,1,29,'trash','bg-maroon','trans(\"history.backend.permissions.deleted\") <strong>create-email-template</strong>',NULL,'2018-12-02 13:57:06','2018-12-02 13:57:06'),(57,3,1,33,'trash','bg-maroon','trans(\"history.backend.permissions.deleted\") <strong>view-blog-category</strong>',NULL,'2018-12-02 13:57:13','2018-12-02 13:57:13'),(58,3,1,28,'trash','bg-maroon','trans(\"history.backend.permissions.deleted\") <strong>view-email-template</strong>',NULL,'2018-12-02 13:57:27','2018-12-02 13:57:27'),(59,3,1,30,'trash','bg-maroon','trans(\"history.backend.permissions.deleted\") <strong>edit-email-template</strong>',NULL,'2018-12-02 13:57:37','2018-12-02 13:57:37'),(60,3,1,34,'trash','bg-maroon','trans(\"history.backend.permissions.deleted\") <strong>create-blog-category</strong>',NULL,'2018-12-02 13:57:47','2018-12-02 13:57:47'),(61,3,1,36,'trash','bg-maroon','trans(\"history.backend.permissions.deleted\") <strong>delete-blog-category</strong>',NULL,'2018-12-02 13:57:53','2018-12-02 13:57:53'),(62,3,1,38,'trash','bg-maroon','trans(\"history.backend.permissions.deleted\") <strong>create-blog-tag</strong>',NULL,'2018-12-02 13:57:59','2018-12-02 13:57:59'),(63,1,1,4,'trash','bg-maroon','trans(\"history.backend.users.deleted\") <strong>{user}</strong>','{\"user_link\":[\"admin.access.user.show\",\"\\u0412\\u043e\\u043b\\u043e\\u0434\\u0438\\u043c\\u0438\\u0440 \\u0411\\u043e\\u0440\\u0438\\u0441\\u043e\\u0432\\u0438\\u0447 \\u042e\\u0441\\u043a\\u0430\\u0454\\u0432\",4]}','2018-12-02 14:02:17','2018-12-02 14:02:17'),(64,2,1,4,'trash','bg-maroon','trans(\"history.backend.roles.deleted\") <strong>Адміністратор ОМУ</strong>',NULL,'2018-12-02 14:02:30','2018-12-02 14:02:30');
/*!40000 ALTER TABLE `history` ENABLE KEYS */;
UNLOCK TABLES;

--
-- Table structure for table `history_types`
--

DROP TABLE IF EXISTS `history_types`;
/*!40101 SET @saved_cs_client     = @@character_set_client */;
/*!40101 SET character_set_client = utf8 */;
CREATE TABLE `history_types` (
  `id` int(10) unsigned NOT NULL AUTO_INCREMENT,
  `name` varchar(191) COLLATE utf8mb4_unicode_ci NOT NULL,
  `created_at` timestamp NULL DEFAULT NULL,
  `updated_at` timestamp NULL DEFAULT NULL,
  PRIMARY KEY (`id`)
) ENGINE=InnoDB AUTO_INCREMENT=9 DEFAULT CHARSET=utf8mb4 COLLATE=utf8mb4_unicode_ci;
/*!40101 SET character_set_client = @saved_cs_client */;

--
-- Dumping data for table `history_types`
--

LOCK TABLES `history_types` WRITE;
/*!40000 ALTER TABLE `history_types` DISABLE KEYS */;
INSERT INTO `history_types` VALUES (1,'User','2018-10-03 09:18:41','2018-10-03 09:18:41'),(2,'Role','2018-10-03 09:18:41','2018-10-03 09:18:41'),(3,'Permission','2018-10-03 09:18:41','2018-10-03 09:18:41'),(4,'CMSPage','2018-10-03 09:18:41','2018-10-03 09:18:41'),(5,'EmailTemplate','2018-10-03 09:18:41','2018-10-03 09:18:41'),(6,'BlogTag','2018-10-03 09:18:41','2018-10-03 09:18:41'),(7,'BlogCategory','2018-10-03 09:18:41','2018-10-03 09:18:41'),(8,'Blog','2018-10-03 09:18:41','2018-10-03 09:18:41');
/*!40000 ALTER TABLE `history_types` ENABLE KEYS */;
UNLOCK TABLES;

--
-- Table structure for table `menus`
--

DROP TABLE IF EXISTS `menus`;
/*!40101 SET @saved_cs_client     = @@character_set_client */;
/*!40101 SET character_set_client = utf8 */;
CREATE TABLE `menus` (
  `id` int(10) unsigned NOT NULL AUTO_INCREMENT,
  `type` enum('backend','frontend') COLLATE utf8mb4_unicode_ci NOT NULL,
  `name` varchar(191) COLLATE utf8mb4_unicode_ci NOT NULL,
  `items` text COLLATE utf8mb4_unicode_ci,
  `created_by` int(10) unsigned NOT NULL,
  `updated_by` int(10) unsigned DEFAULT NULL,
  `created_at` timestamp NULL DEFAULT NULL,
  `updated_at` timestamp NULL DEFAULT NULL,
  `deleted_at` timestamp NULL DEFAULT NULL,
  PRIMARY KEY (`id`)
) ENGINE=InnoDB AUTO_INCREMENT=2 DEFAULT CHARSET=utf8mb4 COLLATE=utf8mb4_unicode_ci;
/*!40101 SET character_set_client = @saved_cs_client */;

--
-- Dumping data for table `menus`
--

LOCK TABLES `menus` WRITE;
/*!40000 ALTER TABLE `menus` DISABLE KEYS */;
INSERT INTO `menus` VALUES (1,'backend','Backend Sidebar Menu','[{\"id\":11,\"name\":\"Користувачі\",\"url\":\"\",\"url_type\":\"route\",\"open_in_new_tab\":0,\"icon\":\"fa-users\",\"view_permission_id\":\"view-access-management\",\"content\":\"Access Management\",\"children\":[{\"id\":12,\"name\":\"Управління користувачами\",\"url\":\"admin.access.user.index\",\"url_type\":\"route\",\"open_in_new_tab\":0,\"view_permission_id\":\"view-user-management\",\"content\":\"User Management\"},{\"id\":13,\"name\":\"Ролі користувачів\",\"url\":\"admin.access.role.index\",\"url_type\":\"route\",\"open_in_new_tab\":0,\"view_permission_id\":\"view-role-management\",\"content\":\"Role Management\"},{\"id\":14,\"name\":\"Управління доступом\",\"url\":\"admin.access.permission.index\",\"url_type\":\"route\",\"open_in_new_tab\":0,\"view_permission_id\":\"view-permission-management\",\"content\":\"Permission Management\"}]},{\"id\":1,\"name\":\"Функції користувачів\",\"url\":\"admin.modules.index\",\"url_type\":\"route\",\"open_in_new_tab\":0,\"icon\":\"fa-wrench\",\"view_permission_id\":\"view-module\",\"content\":\"Module\"},{\"id\":3,\"name\":\"Управління меню\",\"url\":\"admin.menus.index\",\"url_type\":\"route\",\"open_in_new_tab\":0,\"icon\":\"fa-bars\",\"view_permission_id\":\"view-menu\",\"content\":\"Menus\"},{\"id\":9,\"name\":\"Налаштування\",\"url\":\"admin.settings.edit?id=1\",\"url_type\":\"route\",\"open_in_new_tab\":0,\"icon\":\"fa-gear\",\"view_permission_id\":\"edit-settings\",\"content\":\"Settings\"}]',1,NULL,'2018-10-03 09:18:41','2018-12-02 13:04:46',NULL);
/*!40000 ALTER TABLE `menus` ENABLE KEYS */;
UNLOCK TABLES;

--
-- Table structure for table `migrations`
--

DROP TABLE IF EXISTS `migrations`;
/*!40101 SET @saved_cs_client     = @@character_set_client */;
/*!40101 SET character_set_client = utf8 */;
CREATE TABLE `migrations` (
  `id` int(10) unsigned NOT NULL AUTO_INCREMENT,
  `migration` varchar(191) COLLATE utf8mb4_unicode_ci NOT NULL,
  `batch` int(11) NOT NULL,
  PRIMARY KEY (`id`)
) ENGINE=InnoDB AUTO_INCREMENT=41 DEFAULT CHARSET=utf8mb4 COLLATE=utf8mb4_unicode_ci;
/*!40101 SET character_set_client = @saved_cs_client */;

--
-- Dumping data for table `migrations`
--

LOCK TABLES `migrations` WRITE;
/*!40000 ALTER TABLE `migrations` DISABLE KEYS */;
INSERT INTO `migrations` VALUES (1,'2017_11_02_060149_create_blog_categories_table',1),(2,'2017_11_02_060149_create_blog_map_categories_table',1),(3,'2017_11_02_060149_create_blog_map_tags_table',1),(4,'2017_11_02_060149_create_blog_tags_table',1),(5,'2017_11_02_060149_create_blogs_table',1),(6,'2017_11_02_060149_create_email_template_placeholders_table',1),(7,'2017_11_02_060149_create_email_template_types_table',1),(8,'2017_11_02_060149_create_email_templates_table',1),(9,'2017_11_02_060149_create_faqs_table',1),(10,'2017_11_02_060149_create_history_table',1),(11,'2017_11_02_060149_create_history_types_table',1),(12,'2017_11_02_060149_create_modules_table',1),(13,'2017_11_02_060149_create_notifications_table',1),(14,'2017_11_02_060149_create_pages_table',1),(15,'2017_11_02_060149_create_password_resets_table',1),(16,'2017_11_02_060149_create_permission_role_table',1),(17,'2017_11_02_060149_create_permission_user_table',1),(18,'2017_11_02_060149_create_permissions_table',1),(19,'2017_11_02_060149_create_role_user_table',1),(20,'2017_11_02_060149_create_roles_table',1),(21,'2017_11_02_060149_create_sessions_table',1),(22,'2017_11_02_060149_create_settings_table',1),(23,'2017_11_02_060149_create_social_logins_table',1),(24,'2017_11_02_060149_create_users_table',1),(25,'2017_11_02_060152_add_foreign_keys_to_history_table',1),(26,'2017_11_02_060152_add_foreign_keys_to_notifications_table',1),(27,'2017_11_02_060152_add_foreign_keys_to_permission_role_table',1),(28,'2017_11_02_060152_add_foreign_keys_to_permission_user_table',1),(29,'2017_11_02_060152_add_foreign_keys_to_role_user_table',1),(30,'2017_11_02_060152_add_foreign_keys_to_social_logins_table',1),(31,'2017_12_10_122555_create_menus_table',1),(32,'2017_12_24_042039_add_null_constraint_on_created_by_on_user_table',1),(33,'2017_12_28_005822_add_null_constraint_on_created_by_on_role_table',1),(34,'2017_12_28_010952_add_null_constraint_on_created_by_on_permission_table',1),(35,'2018_10_08_081342_answer_table',2),(36,'2018_10_08_081408_question_table',2),(37,'2018_10_08_081430_block_table',2),(38,'2018_10_08_081528_name_specialty_table',2),(39,'2018_10_08_081612_cafedres_table',2),(40,'2018_10_12_125702_user_status_selectors',3);
/*!40000 ALTER TABLE `migrations` ENABLE KEYS */;
UNLOCK TABLES;

--
-- Table structure for table `modules`
--

DROP TABLE IF EXISTS `modules`;
/*!40101 SET @saved_cs_client     = @@character_set_client */;
/*!40101 SET character_set_client = utf8 */;
CREATE TABLE `modules` (
  `id` int(10) unsigned NOT NULL AUTO_INCREMENT,
  `view_permission_id` varchar(191) COLLATE utf8mb4_unicode_ci NOT NULL,
  `name` varchar(191) COLLATE utf8mb4_unicode_ci NOT NULL,
  `url` varchar(191) COLLATE utf8mb4_unicode_ci DEFAULT NULL COMMENT 'view_route',
  `created_by` int(10) unsigned NOT NULL,
  `updated_by` int(10) unsigned DEFAULT NULL,
  `created_at` timestamp NULL DEFAULT NULL,
  `updated_at` timestamp NULL DEFAULT NULL,
  PRIMARY KEY (`id`)
) ENGINE=InnoDB AUTO_INCREMENT=15 DEFAULT CHARSET=utf8mb4 COLLATE=utf8mb4_unicode_ci;
/*!40101 SET character_set_client = @saved_cs_client */;

--
-- Dumping data for table `modules`
--

LOCK TABLES `modules` WRITE;
/*!40000 ALTER TABLE `modules` DISABLE KEYS */;
INSERT INTO `modules` VALUES (1,'view-access-management','Администрирование',NULL,1,NULL,'2018-10-03 09:18:41',NULL),(2,'view-user-management','User Management','admin.access.user.index',1,NULL,'2018-10-03 09:18:41',NULL),(3,'view-role-management','Role Management','admin.access.role.index',1,NULL,'2018-10-03 09:18:41',NULL),(4,'view-permission-management','Permission Management','admin.access.permission.index',1,NULL,'2018-10-03 09:18:41',NULL),(5,'view-menu','Menus','admin.menus.index',1,NULL,'2018-10-03 09:18:41',NULL),(6,'view-module','Module','admin.modules.index',1,NULL,'2018-10-03 09:18:41',NULL),(7,'view-page','Pages','admin.pages.index',1,NULL,'2018-10-03 09:18:41',NULL),(8,'view-email-template','Email Templates','admin.emailtemplates.index',1,NULL,'2018-10-03 09:18:41',NULL),(9,'edit-settings','Settings','admin.settings.edit',1,NULL,'2018-10-03 09:18:41',NULL),(10,'view-blog','Blog Management',NULL,1,NULL,'2018-10-03 09:18:41',NULL),(11,'view-blog-category','Blog Category Management','admin.blogcategories.index',1,NULL,'2018-10-03 09:18:41',NULL),(12,'view-blog-tag','Blog Tag Management','admin.blogtags.index',1,NULL,'2018-10-03 09:18:41',NULL),(13,'view-blog','Blog Management','admin.blogs.index',1,NULL,'2018-10-03 09:18:41',NULL),(14,'view-faq','Faq Management1','admin.faqs.index',1,NULL,'2018-10-03 09:18:41',NULL);
/*!40000 ALTER TABLE `modules` ENABLE KEYS */;
UNLOCK TABLES;

--
-- Table structure for table `notifications`
--

DROP TABLE IF EXISTS `notifications`;
/*!40101 SET @saved_cs_client     = @@character_set_client */;
/*!40101 SET character_set_client = utf8 */;
CREATE TABLE `notifications` (
  `id` int(10) unsigned NOT NULL AUTO_INCREMENT,
  `message` varchar(191) COLLATE utf8mb4_unicode_ci NOT NULL,
  `user_id` int(10) unsigned NOT NULL,
  `type` tinyint(1) NOT NULL DEFAULT '1' COMMENT '1 - Dashboard , 2 - Email , 3 - Both',
  `is_read` tinyint(1) NOT NULL DEFAULT '0',
  `created_at` timestamp NULL DEFAULT NULL,
  `updated_at` timestamp NULL DEFAULT NULL,
  PRIMARY KEY (`id`),
  KEY `notifications_user_id_foreign` (`user_id`),
  CONSTRAINT `notifications_user_id_foreign` FOREIGN KEY (`user_id`) REFERENCES `users` (`id`) ON DELETE CASCADE
) ENGINE=InnoDB AUTO_INCREMENT=474 DEFAULT CHARSET=utf8mb4 COLLATE=utf8mb4_unicode_ci;
/*!40101 SET character_set_client = @saved_cs_client */;

--
-- Dumping data for table `notifications`
--

LOCK TABLES `notifications` WRITE;
/*!40000 ALTER TABLE `notifications` DISABLE KEYS */;
INSERT INTO `notifications` VALUES (1,'User Logged In: Viral',1,1,1,'2018-10-03 07:29:48','2018-10-03 07:37:09'),(2,'User Logged In: Viral',1,1,1,'2018-10-03 07:36:52','2018-10-03 07:37:09'),(3,'User Logged In: Viral',1,1,1,'2018-10-03 09:05:15','2018-10-03 09:51:25'),(4,'User Logged In: Vipul',1,1,1,'2018-10-03 09:20:11','2018-10-03 09:51:25'),(5,'User Logged In: User',1,1,1,'2018-10-03 09:22:29','2018-10-03 09:51:25'),(6,'User Logged In: Vlad',1,1,1,'2018-10-03 09:29:50','2018-10-03 09:51:25'),(7,'User Logged In: Vlad',1,1,1,'2018-10-03 09:33:44','2018-10-03 09:51:17'),(8,'User Logged In: Саша/Влад',1,1,1,'2018-10-03 09:38:37','2018-10-03 10:09:57'),(9,'User Logged In: Саша/Влад',1,1,1,'2018-10-03 09:40:24','2018-10-03 10:09:57'),(10,'User Logged In: Представник',1,1,1,'2018-10-03 09:43:40','2018-10-03 10:09:57'),(11,'User Logged In: Саша/Влад',1,1,1,'2018-10-03 09:50:38','2018-10-03 10:09:57'),(12,'User Logged In: Саша/Влад',1,1,1,'2018-10-03 10:09:50','2018-10-03 10:09:57'),(13,'User Logged In: ОМУ',1,1,1,'2018-10-03 10:46:59','2018-10-03 17:51:14'),(14,'User Logged In: Віктор',1,1,1,'2018-10-03 10:49:59','2018-10-03 17:51:14'),(15,'User Logged In: Володимир Борисович',1,1,1,'2018-10-03 10:50:51','2018-10-03 17:51:14'),(16,'User Logged In: Саша/Влад',1,1,1,'2018-10-03 10:51:27','2018-10-03 17:39:51'),(17,'User Logged In: Саша/Влад',1,1,1,'2018-10-03 10:52:18','2018-10-03 17:39:51'),(18,'User Logged In: ОМУ',1,1,1,'2018-10-03 10:54:21','2018-10-04 10:22:00'),(19,'User Logged In: Володимир Борисович',1,1,1,'2018-10-03 10:55:16','2018-10-04 10:22:00'),(20,'User Logged In: Саша/Влад',1,1,1,'2018-10-03 17:39:40','2018-10-05 05:38:31'),(21,'User Logged In: Володимир Борисович',1,1,1,'2018-10-03 17:45:41','2018-10-05 05:38:31'),(22,'User Logged In: Саша/Влад',1,1,1,'2018-10-04 10:21:48','2018-10-05 05:38:31'),(23,'User Logged In: Саша/Влад',1,1,1,'2018-10-05 04:48:38','2018-10-05 05:38:31'),(24,'User Logged In: Віктор Корнелійович',1,1,1,'2018-10-05 05:18:26','2018-10-05 05:38:31'),(25,'User Logged In: Володимир Борисович',1,1,0,'2018-10-05 05:41:03',NULL),(26,'User Logged In: Володимир Борисович',1,1,1,'2018-10-05 05:42:34','2018-10-08 06:06:41'),(27,'User Logged In: Віктор Корнелійович',1,1,1,'2018-10-05 05:58:47','2018-10-08 06:06:41'),(28,'User Logged In: Саша/Влад',1,1,1,'2018-10-05 06:20:35','2018-10-08 04:15:59'),(29,'User Logged In: Саша/Влад',1,1,1,'2018-10-05 07:31:41','2018-10-08 04:15:59'),(30,'User Logged In: Саша/Влад',1,1,1,'2018-10-05 07:36:08','2018-10-08 04:15:59'),(31,'User Logged In: Саша/Влад',1,1,1,'2018-10-05 07:42:34','2018-10-08 04:15:59'),(32,'User Logged In: Саша/Влад',1,1,1,'2018-10-08 04:04:59','2018-10-08 04:15:59'),(33,'User Logged In: Саша/Влад',1,1,1,'2018-10-08 05:01:31','2018-10-08 06:06:41'),(34,'User Logged In: Віктор Корнелійович',1,1,1,'2018-10-08 05:08:33','2018-10-08 06:06:41'),(35,'User Logged In: Саша/Влад',1,1,1,'2018-10-08 06:02:53','2018-10-08 06:06:41'),(36,'User Logged In: Вадим',1,1,0,'2018-10-08 06:58:21',NULL),(37,'User Logged In: Віктор Корнелійович',1,1,0,'2018-10-08 07:57:29',NULL),(38,'User Logged In: Віктор Корнелійович',1,1,0,'2018-10-09 06:17:44',NULL),(39,'User Logged In: Саша/Влад',1,1,1,'2018-10-09 06:19:49','2018-10-11 05:23:06'),(40,'User Logged In: Віктор Корнелійович',1,1,1,'2018-10-09 08:20:23','2018-10-11 05:23:06'),(41,'User Logged In: Саша/Влад',1,1,1,'2018-10-09 11:58:28','2018-10-11 05:23:06'),(42,'User Logged In: Віктор Корнелійович',1,1,1,'2018-10-11 04:05:49','2018-10-11 05:23:06'),(43,'User Logged In: Саша/Влад',1,1,1,'2018-10-11 05:22:50','2018-10-11 05:23:06'),(44,'User Logged In: Віктор Корнелійович',1,1,0,'2018-10-11 05:25:50',NULL),(45,'User Logged In: Саша/Влад',1,1,0,'2018-10-12 06:36:46',NULL),(46,'User Logged In: Саша/Влад',1,1,0,'2018-10-12 08:41:29',NULL),(47,'User Logged In: Саша/Влад',1,1,0,'2018-10-16 04:18:23',NULL),(48,'User Logged In: Саша/Влад',1,1,0,'2018-10-16 04:50:16',NULL),(49,'User Logged In: Саша/Влад',1,1,0,'2018-10-16 08:59:52',NULL),(50,'User Logged In: Саша/Влад',1,1,1,'2018-10-17 04:23:34','2018-10-18 12:24:05'),(51,'User Logged In: Саша/Влад',1,1,1,'2018-10-17 04:36:01','2018-10-18 12:24:05'),(52,'User Logged In: Саша/Влад',1,1,1,'2018-10-18 04:09:48','2018-10-18 12:24:05'),(53,'User Logged In: Саша/Влад',1,1,1,'2018-10-18 10:05:00','2018-10-18 12:24:05'),(54,'User Logged In: Саша/Влад',1,1,1,'2018-10-18 12:21:49','2018-10-18 12:24:05'),(55,'User Logged In: Саша/Влад',1,1,0,'2018-10-19 04:59:51',NULL),(56,'User Logged In: Віктор Корнелійович',1,1,0,'2018-10-29 05:18:11',NULL),(57,'User Logged In: Віктор Корнелійович',1,1,0,'2018-10-29 16:01:28',NULL),(58,'User Logged In: Віктор Корнелійович',1,1,0,'2018-10-30 05:19:23',NULL),(59,'User Logged In: Віктор Корнелійович',1,1,0,'2018-10-31 05:25:55',NULL),(60,'User Logged In: Саша/Влад',1,1,0,'2018-10-31 08:18:52',NULL),(61,'User Logged In: Віктор Корнелійович',1,1,0,'2018-10-31 16:31:44',NULL),(62,'User Logged In: Саша/Влад',1,1,0,'2018-10-31 19:08:06',NULL),(63,'User Logged In: Віктор Корнелійович',1,1,0,'2018-10-31 19:30:15',NULL),(64,'User Logged In: Віктор Корнелійович',1,1,0,'2018-11-01 04:48:25',NULL),(65,'User Logged In: Віктор Корнелійович',1,1,0,'2018-11-02 12:28:39',NULL),(66,'User Logged In: Віктор Корнелійович',1,1,0,'2018-11-05 05:55:30',NULL),(67,'User Logged In: Віктор Корнелійович',1,1,0,'2018-11-05 05:56:42',NULL),(68,'User Logged In: Віктор Корнелійович',1,1,0,'2018-11-05 11:12:02',NULL),(69,'User Logged In: Віктор Корнелійович',1,1,0,'2018-11-05 13:38:01',NULL),(70,'User Logged In: Віктор Корнелійович',1,1,0,'2018-11-05 13:42:18',NULL),(71,'User Logged In: Віктор Корнелійович',1,1,0,'2018-11-06 05:40:52',NULL),(72,'User Logged In: Віктор Корнелійович',1,1,0,'2018-11-06 05:49:27',NULL),(73,'User Logged In: Саша/Влад',1,1,0,'2018-11-06 06:04:17',NULL),(74,'User Logged In: Віктор Корнелійович',1,1,0,'2018-11-06 06:05:58',NULL),(75,'User Logged In: Віктор Корнелійович',1,1,0,'2018-11-06 06:21:24',NULL),(76,'User Logged In: Віктор Корнелійович',1,1,0,'2018-11-06 10:47:28',NULL),(77,'User Logged In: Віктор Корнелійович',1,1,0,'2018-11-07 08:58:04',NULL),(78,'User Logged In: Віктор Корнелійович',1,1,1,'2018-11-08 05:19:02','2018-11-09 05:10:51'),(79,'User Logged In: Віктор Корнелійович',1,1,1,'2018-11-08 10:20:49','2018-11-09 05:10:51'),(80,'User Logged In: Віктор Корнелійович',1,1,1,'2018-11-08 12:27:04','2018-11-09 05:10:51'),(81,'User Logged In: Віктор Корнелійович',1,1,1,'2018-11-09 05:08:07','2018-11-09 05:10:51'),(82,'User Logged In: Саша/Влад',1,1,1,'2018-11-09 05:10:43','2018-11-09 05:10:51'),(83,'User Logged In: Віктор Корнелійович',1,1,0,'2018-11-09 05:22:41',NULL),(84,'User Logged In: Admin',1,1,0,'2018-11-09 09:49:06',NULL),(85,'User Logged In: Віктор Корнелійович',1,1,0,'2018-11-09 11:50:35',NULL),(86,'User Logged In: Віктор Корнелійович',1,1,0,'2018-11-09 12:07:54',NULL),(87,'User Logged In: Admin',1,1,0,'2018-11-09 12:11:21',NULL),(88,'User Logged In: Vadim',1,1,0,'2018-11-09 12:21:26',NULL),(89,'User Logged In: Admin',1,1,0,'2018-11-09 12:27:14',NULL),(90,'User Logged In: Vadim',1,1,0,'2018-11-09 12:31:21',NULL),(91,'User Logged In: Vadim',1,1,0,'2018-11-09 12:34:49',NULL),(92,'User Logged In: Admin',1,1,0,'2018-11-09 12:35:03',NULL),(93,'User Logged In: Vadim',1,1,0,'2018-11-09 12:36:20',NULL),(94,'User Logged In: Vadim',1,1,0,'2018-11-09 12:41:40',NULL),(95,'User Logged In: Vadim',1,1,0,'2018-11-09 12:43:38',NULL),(96,'User Logged In: Віктор Корнелійович',1,1,0,'2018-11-09 12:55:30',NULL),(97,'User Logged In: Vadim',1,1,0,'2018-11-09 12:55:51',NULL),(98,'User Logged In: Vadim',1,1,0,'2018-11-09 12:56:41',NULL),(99,'User Logged In: Віктор Корнелійович',1,1,0,'2018-11-09 12:57:26',NULL),(100,'User Logged In: Vadim',1,1,0,'2018-11-09 12:57:37',NULL),(101,'User Logged In: Vadim',1,1,0,'2018-11-09 13:59:22',NULL),(102,'User Logged In: Vadim',1,1,0,'2018-11-09 13:59:50',NULL),(103,'User Logged In: Vadim',1,1,0,'2018-11-13 06:22:41',NULL),(104,'User Logged In: Віктор Корнелійович',1,1,0,'2018-11-13 06:23:10',NULL),(105,'User Logged In: Admin',1,1,0,'2018-11-13 06:25:01',NULL),(106,'User Logged In: Віктор Корнелійович',1,1,0,'2018-11-13 06:46:12',NULL),(107,'User Logged In: Vadim',1,1,0,'2018-11-13 06:46:25',NULL),(108,'User Logged In: Віктор Корнелійович',1,1,0,'2018-11-13 06:48:14',NULL),(109,'User Logged In: Віктор Корнелійович',1,1,0,'2018-11-13 06:49:44',NULL),(110,'User Logged In: Vadim',1,1,0,'2018-11-13 06:49:55',NULL),(111,'User Logged In: Vadim',1,1,0,'2018-11-13 06:50:52',NULL),(112,'User Logged In: Віктор Корнелійович',1,1,0,'2018-11-13 07:02:12',NULL),(113,'User Logged In: Vadim',1,1,0,'2018-11-13 07:02:40',NULL),(114,'User Logged In: Віктор Корнелійович',1,1,0,'2018-11-13 07:05:21',NULL),(115,'User Logged In: Vadim',1,1,0,'2018-11-13 07:05:33',NULL),(116,'User Logged In: Admin',1,1,0,'2018-11-13 07:11:05',NULL),(117,'User Logged In: Віктор Корнелійович',1,1,0,'2018-11-13 08:12:57',NULL),(118,'User Logged In: Віктор Корнелійович',1,1,0,'2018-11-13 08:15:52',NULL),(119,'User Logged In: Vadim',1,1,0,'2018-11-13 08:16:04',NULL),(120,'User Logged In: Віктор Корнелійович',1,1,0,'2018-11-13 08:24:59',NULL),(121,'User Logged In: Віктор Корнелійович',1,1,0,'2018-11-13 08:56:21',NULL),(122,'User Logged In: Admin',1,1,0,'2018-11-13 09:47:28',NULL),(123,'User Logged In: Віктор Корнелійович',1,1,0,'2018-11-13 09:51:08',NULL),(124,'User Logged In: Admin',1,1,0,'2018-11-13 11:07:44',NULL),(125,'User Logged In: Віктор Корнелійович',1,1,0,'2018-11-13 11:08:32',NULL),(126,'User Logged In: Vadim',1,1,0,'2018-11-13 11:14:18',NULL),(127,'User Logged In: Віктор Корнелійович',1,1,0,'2018-11-13 11:19:31',NULL),(128,'User Logged In: Vadim',1,1,0,'2018-11-13 11:21:43',NULL),(129,'User Logged In: Віктор Корнелійович',1,1,0,'2018-11-13 11:22:22',NULL),(130,'User Logged In: Віктор Корнелійович',1,1,0,'2018-11-13 11:22:41',NULL),(131,'User Logged In: Віктор Корнелійович',1,1,0,'2018-11-13 11:37:17',NULL),(132,'User Logged In: Admin',1,1,0,'2018-11-13 11:39:47',NULL),(133,'User Logged In: Vadim',1,1,0,'2018-11-13 11:51:38',NULL),(134,'User Logged In: Віктор Корнелійович',1,1,0,'2018-11-13 12:04:18',NULL),(135,'User Logged In: Віктор Корнелійович',1,1,0,'2018-11-13 12:10:41',NULL),(136,'User Logged In: Vadim',1,1,0,'2018-11-13 12:11:20',NULL),(137,'User Logged In: Віктор Корнелійович',1,1,0,'2018-11-13 12:37:39',NULL),(138,'User Logged In: Vadim',1,1,0,'2018-11-13 12:37:56',NULL),(139,'User Logged In: Віктор Корнелійович',1,1,0,'2018-11-13 12:49:48',NULL),(140,'User Logged In: Vadim',1,1,0,'2018-11-13 12:53:41',NULL),(141,'User Logged In: Vadim',1,1,0,'2018-11-13 12:56:03',NULL),(142,'User Logged In: Vadim',1,1,0,'2018-11-13 13:21:27',NULL),(143,'User Logged In: Віктор Корнелійович',1,1,0,'2018-11-14 05:31:57',NULL),(144,'User Logged In: Віктор Корнелійович',1,1,0,'2018-11-14 05:32:14',NULL),(145,'User Logged In: Vadim',1,1,0,'2018-11-14 05:32:34',NULL),(146,'User Logged In: Admin',1,1,0,'2018-11-14 05:33:26',NULL),(147,'User Logged In: Віктор Корнелійович',1,1,0,'2018-11-14 05:46:44',NULL),(148,'User Logged In: Vadim',1,1,0,'2018-11-14 05:47:04',NULL),(149,'User Logged In: Vadim',1,1,0,'2018-11-14 06:37:50',NULL),(150,'User Logged In: Віктор Корнелійович',1,1,0,'2018-11-14 06:38:08',NULL),(151,'User Logged In: Віктор Корнелійович',1,1,0,'2018-11-14 06:38:37',NULL),(152,'User Logged In: Віктор Корнелійович',1,1,0,'2018-11-14 07:03:21',NULL),(153,'User Logged In: Віктор Корнелійович',1,1,0,'2018-11-14 07:11:31',NULL),(154,'User Logged In: Віктор Корнелійович',1,1,0,'2018-11-14 08:27:24',NULL),(155,'User Logged In: Віктор Корнелійович',1,1,0,'2018-11-22 18:48:45',NULL),(156,'User Logged In: Віктор Корнелійович',1,1,0,'2018-11-22 18:50:48',NULL),(157,'User Logged In: Віктор Корнелійович',1,1,0,'2018-11-23 15:05:28',NULL),(158,'User Logged In: Віктор Корнелійович',1,1,0,'2018-11-25 06:17:05',NULL),(159,'User Logged In: Віктор Корнелійович',1,1,0,'2018-11-25 09:06:25',NULL),(160,'User Logged In: Vadim',1,1,0,'2018-11-25 11:23:07',NULL),(161,'User Logged In: Vadim',1,1,0,'2018-11-25 11:52:00',NULL),(162,'User Logged In: Admin',1,1,0,'2018-11-25 12:35:50',NULL),(163,'User Logged In: vadim',1,1,0,'2018-11-25 12:42:02',NULL),(164,'User Logged In: vadim',1,1,0,'2018-11-25 12:45:51',NULL),(165,'User Logged In: Віктор Корнелійович',1,1,0,'2018-11-25 12:52:07',NULL),(166,'User Logged In: Віктор Корнелійович',1,1,0,'2018-11-25 12:54:49',NULL),(167,'User Logged In: Віктор Корнелійович',1,1,0,'2018-11-25 12:55:00',NULL),(168,'User Logged In: Admin',1,1,0,'2018-11-25 13:31:03',NULL),(169,'User Logged In: Vadim',1,1,0,'2018-11-25 13:31:23',NULL),(170,'User Logged In: Віктор Корнелійович',1,1,0,'2018-11-25 13:32:26',NULL),(171,'User Logged In: Віктор Корнелійович',1,1,0,'2018-11-26 07:21:40',NULL),(172,'User Logged In: Віктор Корнелійович',1,1,0,'2018-11-26 12:53:22',NULL),(173,'User Logged In: Vadim',1,1,0,'2018-11-26 12:55:00',NULL),(174,'User Logged In: Vadim',1,1,0,'2018-11-26 13:25:20',NULL),(175,'User Logged In: Vadim',1,1,0,'2018-11-26 13:25:30',NULL),(176,'User Logged In: Віктор Корнелійович',1,1,0,'2018-11-26 13:25:37',NULL),(177,'User Logged In: Віктор Корнелійович',1,1,0,'2018-11-26 13:35:45',NULL),(178,'User Logged In: Віктор Корнелійович',1,1,0,'2018-11-27 05:07:33',NULL),(179,'User Logged In: Віктор Корнелійович',1,1,0,'2018-11-27 11:06:35',NULL),(180,'User Logged In: Віктор Корнелійович',1,1,0,'2018-11-27 11:06:54',NULL),(181,'User Logged In: Віктор Корнелійович',1,1,0,'2018-11-28 04:58:41',NULL),(182,'User Logged In: Віктор Корнелійович',1,1,0,'2018-11-28 11:43:16',NULL),(183,'User Logged In: Віктор Корнелійович',1,1,0,'2018-11-29 05:17:57',NULL),(184,'User Logged In: Admin',1,1,0,'2018-11-29 10:15:16',NULL),(185,'User Logged In: vadim',1,1,1,'2018-11-29 10:20:24','2018-12-02 14:19:16'),(186,'User Logged In: vadim',1,1,1,'2018-11-29 10:21:08','2018-12-02 14:19:16'),(187,'User Logged In: John',1,1,1,'2018-11-29 11:04:00','2018-12-02 14:19:16'),(188,'User Logged In: Віктор Корнелійович',1,1,1,'2018-11-29 11:13:23','2018-12-02 14:19:16'),(189,'User Logged In: Віктор Корнелійович',1,1,1,'2018-11-30 05:14:01','2018-12-02 14:19:16'),(190,'User Logged In: Віктор Корнелійович',1,1,1,'2018-11-30 05:15:24','2018-12-02 14:19:13'),(191,'User Logged In: Віктор Корнелійович',1,1,1,'2018-11-30 06:26:55','2018-12-02 14:19:13'),(192,'User Logged In: Віктор Корнелійович',1,1,1,'2018-11-30 10:27:43','2018-12-02 14:19:13'),(193,'User Logged In: Vadim',1,1,1,'2018-11-30 10:47:39','2018-12-02 14:19:13'),(194,'User Logged In: Vadim',1,1,1,'2018-11-30 11:07:35','2018-12-02 14:19:13'),(195,'User Logged In: Віктор Корнелійович',1,1,1,'2018-11-30 11:09:37','2018-12-02 14:19:13'),(196,'User Logged In: Vadim',1,1,1,'2018-11-30 11:10:15','2018-12-02 12:48:28'),(197,'User Logged In: Віктор Корнелійович',1,1,1,'2018-11-30 11:15:11','2018-12-02 12:48:28'),(198,'User Logged In: Vadim',1,1,1,'2018-11-30 11:16:02','2018-12-02 12:48:28'),(199,'User Logged In: Віктор Корнелійович',1,1,1,'2018-11-30 11:45:09','2018-12-02 12:48:28'),(200,'User Logged In: Віктор Корнелійович',1,1,1,'2018-11-30 11:53:21','2018-12-02 12:48:28'),(201,'User Logged In: Володимир Борисович',1,1,1,'2018-11-30 11:54:28','2018-12-02 12:48:20'),(202,'User Logged In: Віктор Корнелійович',1,1,1,'2018-11-30 12:55:51','2018-12-02 12:48:20'),(203,'User Logged In: Віктор Корнелійович',1,1,1,'2018-11-30 12:57:43','2018-12-02 12:48:20'),(204,'User Logged In: Vadim',1,1,1,'2018-11-30 14:59:58','2018-12-02 12:48:20'),(205,'User Logged In: Віктор Корнелійович',1,1,1,'2018-11-30 15:46:27','2018-12-02 12:48:20'),(206,'User Logged In: Vadim',1,1,1,'2018-11-30 15:46:48','2018-12-02 12:47:36'),(207,'User Logged In: Віктор Корнелійович',1,1,1,'2018-11-30 15:47:14','2018-12-02 12:47:36'),(208,'User Logged In: Vadim',1,1,1,'2018-11-30 16:18:19','2018-12-02 12:47:36'),(209,'User Logged In: Vadim',1,1,1,'2018-12-01 05:07:47','2018-12-02 12:47:36'),(210,'User Logged In: Віктор Корнелійович',1,1,1,'2018-12-01 06:38:37','2018-12-02 12:47:36'),(211,'User Logged In: Віктор Корнелійович',1,1,1,'2018-12-01 08:15:00','2018-12-02 12:47:18'),(212,'User Logged In: Vadim',1,1,1,'2018-12-01 08:40:02','2018-12-02 12:47:18'),(213,'User Logged In: Vadim',1,1,1,'2018-12-01 08:50:24','2018-12-02 12:47:18'),(214,'User Logged In: Vadim',1,1,1,'2018-12-01 08:51:45','2018-12-02 12:47:18'),(215,'User Logged In: Vadim',1,1,1,'2018-12-01 08:52:06','2018-12-02 09:44:12'),(216,'User Logged In: Vadim',1,1,1,'2018-12-01 10:28:52','2018-12-02 09:44:12'),(217,'User Logged In: John',1,1,1,'2018-12-01 14:07:37','2018-12-02 09:44:12'),(218,'User Logged In: Vadim',1,1,1,'2018-12-01 14:52:10','2018-12-02 09:44:12'),(219,'User Logged In: John',1,1,1,'2018-12-01 15:12:31','2018-12-02 09:44:12'),(220,'User Logged In: Віктор Корнелійович',1,1,1,'2018-12-01 15:16:10','2018-12-02 09:44:11'),(221,'User Logged In: Віктор Корнелійович',1,1,1,'2018-12-02 08:34:44','2018-12-02 09:44:11'),(222,'User Logged In: Віктор Корнелійович',1,1,1,'2018-12-02 08:34:50','2018-12-02 09:44:11'),(223,'User Logged In: Vadim',1,1,1,'2018-12-02 09:37:00','2018-12-02 09:44:11'),(224,'User Logged In: Admin',1,1,1,'2018-12-02 09:43:51','2018-12-02 09:44:11'),(225,'User Logged In: Admin',1,1,1,'2018-12-02 12:36:24','2018-12-02 12:47:18'),(226,'User Logged In: Admin',1,1,1,'2018-12-02 13:51:59','2018-12-02 14:19:13'),(227,'User Logged In: Admin',1,1,1,'2018-12-02 14:03:22','2018-12-02 14:19:13'),(228,'User Logged In: Vadim',1,1,1,'2018-12-02 14:03:41','2018-12-02 14:19:13'),(229,'User Logged In: Admin',1,1,1,'2018-12-02 14:05:03','2018-12-02 14:19:13'),(230,'User Logged In: Віктор Корнелійович',1,1,1,'2018-12-02 14:05:41','2018-12-02 14:17:57'),(231,'User Logged In: Admin',1,1,1,'2018-12-02 14:06:36','2018-12-02 14:17:57'),(232,'User Logged In: Admin',1,1,1,'2018-12-02 14:09:29','2018-12-02 14:17:57'),(233,'User Logged In: Vadim',1,1,1,'2018-12-02 14:09:41','2018-12-02 14:17:57'),(234,'User Logged In: Admin',1,1,1,'2018-12-02 14:15:56','2018-12-02 14:17:57'),(235,'User Logged In: Vadim',1,1,0,'2018-12-02 14:19:37',NULL),(236,'User Logged In: Admin',1,1,0,'2018-12-02 14:33:17',NULL),(237,'User Logged In: Vadim',1,1,0,'2018-12-02 14:38:15',NULL),(238,'User Logged In: Admin',1,1,0,'2018-12-02 14:39:26',NULL),(239,'User Logged In: Admin',1,1,0,'2018-12-02 14:47:31',NULL),(240,'User Logged In: Vadim',1,1,0,'2018-12-02 14:48:31',NULL),(241,'User Logged In: Vadim',1,1,0,'2018-12-02 14:51:27',NULL),(242,'User Logged In: Vadim',1,1,0,'2018-12-02 15:24:57',NULL),(243,'User Logged In: Admin',1,1,0,'2018-12-02 16:19:02',NULL),(244,'User Logged In: Vadim',1,1,0,'2018-12-02 16:20:02',NULL),(245,'User Logged In: Admin',1,1,0,'2018-12-02 16:21:47',NULL),(246,'User Logged In: Віктор Корнелійович',1,1,0,'2018-12-03 05:24:48',NULL),(247,'User Logged In: Vadim',1,1,0,'2018-12-03 10:55:42',NULL),(248,'User Logged In: Віктор Корнелійович',1,1,0,'2018-12-03 11:37:39',NULL),(249,'User Logged In: Vadim',1,1,0,'2018-12-03 11:38:57',NULL),(250,'User Logged In: Vadim',1,1,0,'2018-12-03 12:40:47',NULL),(251,'User Logged In: Admin',1,1,0,'2018-12-03 13:20:51',NULL),(252,'User Logged In: Vadim',1,1,0,'2018-12-03 13:26:03',NULL),(253,'User Logged In: vadim',1,1,0,'2018-12-03 13:27:48',NULL),(254,'User Logged In: vadim',1,1,0,'2018-12-03 13:28:32',NULL),(255,'User Logged In: Віктор Корнелійович',1,1,0,'2018-12-03 13:28:45',NULL),(256,'User Logged In: Vadim',1,1,0,'2018-12-03 15:56:25',NULL),(257,'User Logged In: Vadim',1,1,0,'2018-12-03 15:58:44',NULL),(258,'User Logged In: Андрій',1,1,0,'2018-12-03 16:00:05',NULL),(259,'User Logged In: Андрій',1,1,0,'2018-12-04 05:56:24',NULL),(260,'User Logged In: Vadim',1,1,0,'2018-12-04 06:28:15',NULL),(261,'User Logged In: Віктор Корнелійович',1,1,0,'2018-12-04 06:37:35',NULL),(262,'User Logged In: Віктор Корнелійович',1,1,0,'2018-12-04 13:36:00',NULL),(263,'User Logged In: Віктор Корнелійович',1,1,0,'2018-12-05 05:02:47',NULL),(264,'User Logged In: Віктор Корнелійович',1,1,0,'2018-12-05 06:52:10',NULL),(265,'User Logged In: Віктор Корнелійович',1,1,0,'2018-12-05 09:23:12',NULL),(266,'User Logged In: Віктор Корнелійович',1,1,0,'2018-12-05 09:36:11',NULL),(267,'User Logged In: Віктор Корнелійович',1,1,0,'2018-12-05 11:13:20',NULL),(268,'User Logged In: Vadim',1,1,0,'2018-12-05 11:13:34',NULL),(269,'User Logged In: Віктор Корнелійович',1,1,0,'2018-12-05 11:44:54',NULL),(270,'User Logged In: Андрій',1,1,0,'2018-12-05 11:45:14',NULL),(271,'User Logged In: vadim',1,1,0,'2018-12-05 13:28:33',NULL),(272,'User Logged In: Віктор Корнелійович',1,1,0,'2018-12-05 13:28:46',NULL),(273,'User Logged In: Vadim',1,1,0,'2018-12-05 13:50:24',NULL),(274,'User Logged In: Віктор Корнелійович',1,1,0,'2018-12-05 14:20:52',NULL),(275,'User Logged In: Vadim',1,1,0,'2018-12-05 14:31:42',NULL),(276,'User Logged In: Vadim',1,1,0,'2018-12-05 14:32:32',NULL),(277,'User Logged In: Вадим',1,1,0,'2018-12-05 14:38:54',NULL),(278,'User Logged In: Віктор Корнелійович',1,1,0,'2018-12-05 14:40:11',NULL),(279,'User Logged In: Андрій',1,1,0,'2018-12-05 14:56:45',NULL),(280,'User Logged In: Vadim',1,1,0,'2018-12-05 17:32:20',NULL),(281,'User Logged In: Vadim',1,1,0,'2018-12-06 05:21:37',NULL),(282,'User Logged In: Віктор Корнелійович',1,1,0,'2018-12-06 05:23:28',NULL),(283,'User Logged In: Vadim',1,1,0,'2018-12-06 05:54:29',NULL),(284,'User Logged In: vadim',1,1,0,'2018-12-06 05:57:14',NULL),(285,'User Logged In: Віктор Корнелійович',1,1,0,'2018-12-06 05:57:52',NULL),(286,'User Logged In: Vadim',1,1,0,'2018-12-06 06:04:16',NULL),(287,'User Logged In: Віктор Корнелійович',1,1,0,'2018-12-06 07:24:30',NULL),(288,'User Logged In: Андрій',1,1,0,'2018-12-06 07:38:21',NULL),(289,'User Logged In: Вадим',1,1,0,'2018-12-06 07:51:45',NULL),(290,'User Logged In: Андрій',1,1,0,'2018-12-06 07:52:29',NULL),(291,'User Logged In: Вадим',1,1,0,'2018-12-06 07:54:03',NULL),(292,'User Logged In: Vadim',1,1,0,'2018-12-06 07:57:36',NULL),(293,'User Logged In: Vadim',1,1,0,'2018-12-06 08:55:26',NULL),(294,'User Logged In: test',1,1,0,'2018-12-06 08:55:59',NULL),(295,'User Logged In: Vadim',1,1,0,'2018-12-06 08:59:45',NULL),(296,'User Logged In: test',1,1,0,'2018-12-06 09:03:20',NULL),(297,'User Logged In: test',1,1,0,'2018-12-06 09:05:36',NULL),(298,'User Logged In: Vadim',1,1,0,'2018-12-06 09:11:35',NULL),(299,'User Logged In: test',1,1,0,'2018-12-06 09:12:11',NULL),(300,'User Logged In: Vadim',1,1,0,'2018-12-06 09:12:25',NULL),(301,'User Logged In: Vadim',1,1,0,'2018-12-06 09:26:00',NULL),(302,'User Logged In: test',1,1,0,'2018-12-06 09:27:50',NULL),(303,'User Logged In: Vadim',1,1,0,'2018-12-06 09:28:13',NULL),(304,'User Logged In: test',1,1,0,'2018-12-06 09:32:21',NULL),(305,'User Logged In: Вадим',1,1,0,'2018-12-06 10:40:32',NULL),(306,'User Logged In: Vadim',1,1,0,'2018-12-06 10:41:02',NULL),(307,'User Logged In: м',1,1,0,'2018-12-06 10:42:27',NULL),(308,'User Logged In: Андрій',1,1,0,'2018-12-06 10:55:14',NULL),(309,'User Logged In: Vadim',1,1,0,'2018-12-06 10:56:11',NULL),(310,'User Logged In: qweqwe',1,1,0,'2018-12-06 10:56:57',NULL),(311,'User Logged In: Vadim',1,1,0,'2018-12-06 10:59:46',NULL),(312,'User Logged In: м',1,1,0,'2018-12-06 11:18:44',NULL),(313,'User Logged In: Vadim',1,1,0,'2018-12-06 11:36:21',NULL),(314,'User Logged In: Андрій',1,1,0,'2018-12-06 11:53:47',NULL),(315,'User Logged In: Vadim',1,1,0,'2018-12-06 15:40:28',NULL),(316,'User Logged In: Андрій',1,1,0,'2018-12-06 16:02:27',NULL),(317,'User Logged In: Vadim',1,1,0,'2018-12-10 09:14:20',NULL),(318,'User Logged In: Андрій',1,1,0,'2018-12-11 08:02:52',NULL),(319,'User Logged In: Vadim',1,1,0,'2018-12-11 08:08:44',NULL),(320,'User Logged In: qwe',1,1,0,'2018-12-11 08:14:48',NULL),(321,'User Logged In: Андрій',1,1,0,'2018-12-12 07:47:46',NULL),(322,'User Logged In: Vadim',1,1,0,'2018-12-12 07:48:22',NULL),(323,'User Logged In: Андрій',1,1,0,'2018-12-12 07:51:19',NULL),(324,'User Logged In: Андрій',1,1,0,'2018-12-13 06:54:04',NULL),(325,'User Logged In: Vadim',1,1,0,'2018-12-13 07:16:36',NULL),(326,'User Logged In: Vadim',1,1,0,'2018-12-13 07:29:18',NULL),(327,'User Logged In: Андрій',1,1,0,'2018-12-13 07:39:32',NULL),(328,'User Logged In: Vadim',1,1,0,'2018-12-13 07:51:54',NULL),(329,'User Logged In: Андрій',1,1,0,'2018-12-13 08:20:13',NULL),(330,'User Logged In: Андрій',1,1,0,'2018-12-14 07:30:56',NULL),(331,'User Logged In: Vadim',1,1,0,'2018-12-14 07:41:08',NULL),(332,'User Logged In: Андрій',1,1,0,'2018-12-14 07:41:55',NULL),(333,'User Logged In: Vadim',1,1,0,'2018-12-14 07:43:34',NULL),(334,'User Logged In: Андрій',1,1,0,'2018-12-14 07:44:13',NULL),(335,'User Logged In: Vadim',1,1,0,'2018-12-14 08:03:18',NULL),(336,'User Logged In: Андрій',1,1,0,'2018-12-14 08:04:05',NULL),(337,'User Logged In: Vadim',1,1,0,'2018-12-14 08:14:51',NULL),(338,'User Logged In: Андрій',1,1,0,'2018-12-14 08:17:35',NULL),(339,'User Logged In: Vadim',1,1,0,'2018-12-14 10:36:02',NULL),(340,'User Logged In: Андрій',1,1,0,'2018-12-14 10:41:44',NULL),(341,'User Logged In: Віктор Корнелійович',1,1,0,'2018-12-17 10:38:07',NULL),(342,'User Logged In: Віктор Корнелійович',1,1,0,'2018-12-18 05:30:22',NULL),(343,'User Logged In: Vadim',1,1,0,'2018-12-18 07:44:38',NULL),(344,'User Logged In: Віктор Корнелійович',1,1,0,'2018-12-18 07:59:06',NULL),(345,'User Logged In: Vadim',1,1,0,'2018-12-18 07:59:39',NULL),(346,'User Logged In: Vadim',1,1,0,'2018-12-18 09:31:57',NULL),(347,'User Logged In: Vadim',1,1,0,'2018-12-18 09:32:09',NULL),(348,'User Logged In: Vadim',1,1,0,'2018-12-18 14:55:54',NULL),(349,'User Logged In: Віктор Корнелійович',1,1,0,'2018-12-19 05:28:23',NULL),(350,'User Logged In: Vadim',1,1,0,'2018-12-19 05:28:32',NULL),(351,'User Logged In: Vadim',1,1,0,'2018-12-19 08:24:17',NULL),(352,'User Logged In: Vadim',1,1,0,'2018-12-19 12:45:40',NULL),(353,'User Logged In: Vadim',1,1,0,'2018-12-20 05:18:52',NULL),(354,'User Logged In: Vadim',1,1,0,'2018-12-21 05:44:39',NULL),(355,'User Logged In: Vadim',1,1,0,'2018-12-21 05:44:43',NULL),(356,'User Logged In: Віктор Корнелійович',1,1,0,'2018-12-21 05:44:51',NULL),(357,'User Logged In: Віктор Корнелійович',1,1,0,'2018-12-21 08:02:25',NULL),(358,'User Logged In: Vadim',1,1,0,'2018-12-21 08:03:55',NULL),(359,'User Logged In: Vadim',1,1,0,'2018-12-21 09:24:34',NULL),(360,'User Logged In: Vadim',1,1,0,'2018-12-21 09:43:57',NULL),(361,'User Logged In: Віктор Корнелійович',1,1,0,'2018-12-22 09:01:27',NULL),(362,'User Logged In: Віктор Корнелійович',1,1,0,'2018-12-22 09:09:19',NULL),(363,'User Logged In: Vadim',1,1,0,'2018-12-22 17:06:11',NULL),(364,'User Logged In: Vadim',1,1,0,'2018-12-22 17:06:47',NULL),(365,'User Logged In: Ому',1,1,0,'2018-12-22 17:16:41',NULL),(366,'User Logged In: Оксана',1,1,0,'2018-12-22 17:24:43',NULL),(367,'User Logged In: Ому',1,1,0,'2018-12-22 18:25:05',NULL),(368,'User Logged In: Ому',1,1,0,'2018-12-22 18:28:58',NULL),(369,'User Logged In: Оксана',1,1,0,'2018-12-22 18:29:23',NULL),(370,'User Logged In: Vadim',1,1,0,'2018-12-26 09:55:11',NULL),(371,'User Logged In: Віктор Корнелійович',1,1,0,'2018-12-26 19:11:13',NULL),(372,'User Logged In: Vadim',1,1,0,'2018-12-26 19:17:40',NULL),(373,'User Logged In: Віктор Корнелійович',1,1,0,'2018-12-26 19:22:53',NULL),(374,'User Logged In: Олександр',1,1,0,'2018-12-26 19:28:32',NULL),(375,'User Logged In: Оксана',1,1,0,'2018-12-28 11:42:41',NULL),(376,'User Logged In: Оксана',1,1,0,'2019-01-02 10:32:16',NULL),(377,'User Logged In: Оксана',1,1,0,'2019-01-03 07:51:08',NULL),(378,'User Logged In: Vadim',1,1,0,'2019-01-03 19:10:31',NULL),(379,'User Logged In: Vadim',1,1,0,'2019-01-03 19:11:56',NULL),(380,'User Logged In: Vadim',1,1,0,'2019-01-04 12:08:20',NULL),(381,'User Logged In: Андрій',1,1,0,'2019-01-14 08:10:00',NULL),(382,'User Logged In: Vadim',1,1,0,'2019-01-14 08:39:52',NULL),(383,'User Logged In: Андрій',1,1,0,'2019-01-14 08:45:25',NULL),(384,'User Logged In: Андрій',1,1,0,'2019-01-14 11:36:56',NULL),(385,'User Logged In: Vadim',1,1,0,'2019-01-15 12:17:32',NULL),(386,'User Logged In: Віктор Корнелійович',1,1,0,'2019-01-15 12:28:39',NULL),(387,'User Logged In: Андрій',1,1,0,'2019-01-18 12:26:32',NULL),(388,'User Logged In: Віктор Корнелійович',1,1,0,'2019-01-20 19:27:16',NULL),(389,'User Logged In: Віктор Корнелійович',1,1,0,'2019-01-22 10:19:57',NULL),(390,'User Logged In: Vadim',1,1,0,'2019-01-22 10:26:50',NULL),(391,'User Logged In: Віктор Корнелійович',1,1,0,'2019-01-22 15:13:17',NULL),(392,'User Logged In: Віктор Корнелійович',1,1,0,'2019-01-23 09:02:01',NULL),(393,'User Logged In: Віктор Корнелійович',1,1,0,'2019-01-23 12:17:46',NULL),(394,'User Logged In: Віктор Корнелійович',1,1,0,'2019-01-23 13:44:22',NULL),(395,'User Logged In: Віктор Корнелійович',1,1,0,'2019-01-24 08:43:18',NULL),(396,'User Logged In: Vadim',1,1,0,'2019-01-25 08:30:48',NULL),(397,'User Logged In: Vadim',1,1,0,'2019-01-29 08:00:48',NULL),(398,'User Logged In: Віктор Корнелійович',1,1,0,'2019-02-12 13:20:28',NULL),(399,'User Logged In: Оксана',1,1,0,'2019-02-13 12:36:16',NULL),(400,'User Logged In: Віктор Корнелійович',1,1,0,'2019-02-15 10:27:46',NULL),(401,'User Logged In: Оксана',1,1,0,'2019-02-15 10:28:14',NULL),(402,'User Logged In: Оксана',1,1,0,'2019-02-15 10:36:01',NULL),(403,'User Logged In: Vadim',1,1,0,'2019-02-15 10:38:17',NULL),(404,'User Logged In: Оксана',1,1,0,'2019-02-15 10:39:05',NULL),(405,'User Logged In: Оксана',1,1,0,'2019-02-15 10:40:27',NULL),(406,'User Logged In: Vadim',1,1,0,'2019-02-15 11:17:04',NULL),(407,'User Logged In: Оксана',1,1,0,'2019-02-15 11:18:14',NULL),(408,'User Logged In: Vadim',1,1,0,'2019-02-15 11:26:12',NULL),(409,'User Logged In: Оксана',1,1,0,'2019-02-15 12:53:34',NULL),(410,'User Logged In: Оксана',1,1,0,'2019-02-15 13:21:11',NULL),(411,'User Logged In: Оксана',1,1,0,'2019-02-15 13:22:43',NULL),(412,'User Logged In: Оксана',1,1,0,'2019-02-15 14:07:27',NULL),(413,'User Logged In: Оксана',1,1,0,'2019-02-17 08:01:31',NULL),(414,'User Logged In: Оксана',1,1,0,'2019-02-17 08:05:32',NULL),(415,'User Logged In: Vadim',1,1,0,'2019-02-17 08:20:23',NULL),(416,'User Logged In: Оксана',1,1,0,'2019-02-17 08:25:56',NULL),(417,'User Logged In: Vadim',1,1,0,'2019-02-17 08:44:35',NULL),(418,'User Logged In: Оксана',1,1,0,'2019-02-17 08:54:30',NULL),(419,'User Logged In: Vadim',1,1,0,'2019-02-17 08:55:52',NULL),(420,'User Logged In: Оксана',1,1,0,'2019-02-18 06:48:43',NULL),(421,'User Logged In: Оксана',1,1,0,'2019-02-18 06:49:09',NULL),(422,'User Logged In: Vadim',1,1,0,'2019-02-18 06:49:21',NULL),(423,'User Logged In: Vadim',1,1,0,'2019-02-18 06:53:54',NULL),(424,'User Logged In: V',1,1,0,'2019-02-18 06:55:15',NULL),(425,'User Logged In: V',1,1,0,'2019-02-18 06:58:13',NULL),(426,'User Logged In: Vadim',1,1,0,'2019-02-18 07:03:53',NULL),(427,'User Logged In: V',1,1,0,'2019-02-18 07:04:22',NULL),(428,'User Logged In: Vadim',1,1,0,'2019-02-18 07:15:15',NULL),(429,'User Logged In: Vadim',1,1,0,'2019-02-18 07:15:59',NULL),(430,'User Logged In: V',1,1,0,'2019-02-18 07:16:56',NULL),(431,'User Logged In: Vadim',1,1,0,'2019-02-18 07:17:11',NULL),(432,'User Logged In: V',1,1,0,'2019-02-18 07:17:52',NULL),(433,'User Logged In: Vadim',1,1,0,'2019-02-18 07:18:57',NULL),(434,'User Logged In: dsfgh',1,1,0,'2019-02-18 07:19:50',NULL),(435,'User Logged In: Оксана',1,1,0,'2019-02-18 11:10:11',NULL),(436,'User Logged In: Оксана',1,1,0,'2019-02-18 12:26:51',NULL),(437,'User Logged In: Vadim',1,1,0,'2019-02-18 13:02:33',NULL),(438,'User Logged In: Vadim',1,1,0,'2019-02-18 13:07:31',NULL),(439,'User Logged In: Віктор',1,1,0,'2019-02-18 13:13:29',NULL),(440,'User Logged In: Viktor',1,1,0,'2019-02-18 13:14:11',NULL),(441,'User Logged In: Оксана',1,1,0,'2019-02-19 13:13:12',NULL),(442,'User Logged In: Віктор Корнелійович',1,1,0,'2019-02-21 10:07:56',NULL),(443,'User Logged In: Оксана',1,1,0,'2019-02-21 14:40:58',NULL),(444,'User Logged In: Viktor',1,1,0,'2019-02-22 08:26:54',NULL),(445,'User Logged In: Віктор',1,1,0,'2019-02-22 11:40:06',NULL),(446,'User Logged In: Vadim',1,1,0,'2019-02-28 10:11:20',NULL),(447,'User Logged In: Оксана',1,1,0,'2019-02-28 10:11:39',NULL),(448,'User Logged In: Vadim',1,1,0,'2019-02-28 10:13:12',NULL),(449,'User Logged In: Viktor',1,1,0,'2019-02-28 12:54:01',NULL),(450,'User Logged In: Віктор',1,1,0,'2019-02-28 12:56:50',NULL),(451,'User Logged In: Віктор',1,1,0,'2019-02-28 12:59:16',NULL),(452,'User Logged In: Viktor',1,1,0,'2019-02-28 13:28:24',NULL),(453,'User Logged In: Віктор Корнелійович',1,1,0,'2019-02-28 14:03:52',NULL),(454,'User Logged In: Vadim',1,1,0,'2019-02-28 14:05:09',NULL),(455,'User Logged In: Віктор Корнелійович',1,1,0,'2019-02-28 14:11:34',NULL),(456,'User Logged In: Vadim',1,1,0,'2019-02-28 14:12:24',NULL),(457,'User Logged In: Vadim',1,1,0,'2019-02-28 14:25:40',NULL),(458,'User Logged In: test',1,1,0,'2019-02-28 14:27:40',NULL),(459,'User Logged In: Vadim',1,1,0,'2019-02-28 14:30:31',NULL),(460,'User Logged In: Vadim',1,1,0,'2019-02-28 14:35:55',NULL),(461,'User Logged In: dsfgh',1,1,0,'2019-03-04 14:01:24',NULL),(462,'User Logged In: Оксана',1,1,0,'2019-03-04 14:05:42',NULL),(463,'User Logged In: dsfgh',1,1,0,'2019-03-04 14:16:37',NULL),(464,'User Logged In: Оксана',1,1,0,'2019-03-04 14:18:01',NULL),(465,'User Logged In: Vadim',1,1,0,'2019-03-04 14:19:53',NULL),(466,'User Logged In: Оксана',1,1,0,'2019-03-04 14:21:09',NULL),(467,'User Logged In: Vadim',1,1,0,'2019-03-04 14:21:43',NULL),(468,'User Logged In: Оксана',1,1,0,'2019-03-05 07:52:35',NULL),(469,'User Logged In: Оксана',1,1,0,'2019-03-05 08:03:43',NULL),(470,'User Logged In: Оксана',1,1,0,'2019-03-05 14:41:51',NULL),(471,'User Logged In: Оксана',1,1,0,'2019-03-05 14:43:43',NULL),(472,'User Logged In: Оксана',1,1,0,'2019-03-05 14:45:18',NULL),(473,'User Logged In: Оксана',1,1,0,'2019-03-11 12:37:57',NULL);
/*!40000 ALTER TABLE `notifications` ENABLE KEYS */;
UNLOCK TABLES;

--
-- Table structure for table `password_resets`
--

DROP TABLE IF EXISTS `password_resets`;
/*!40101 SET @saved_cs_client     = @@character_set_client */;
/*!40101 SET character_set_client = utf8 */;
CREATE TABLE `password_resets` (
  `email` varchar(191) COLLATE utf8mb4_unicode_ci NOT NULL,
  `token` varchar(191) COLLATE utf8mb4_unicode_ci NOT NULL,
  `created_at` datetime DEFAULT NULL,
  KEY `password_resets_email_index` (`email`)
) ENGINE=InnoDB DEFAULT CHARSET=utf8mb4 COLLATE=utf8mb4_unicode_ci;
/*!40101 SET character_set_client = @saved_cs_client */;

--
-- Dumping data for table `password_resets`
--

LOCK TABLES `password_resets` WRITE;
/*!40000 ALTER TABLE `password_resets` DISABLE KEYS */;
INSERT INTO `password_resets` VALUES ('electoratium@gmail.com','$2y$10$OVLqbnivmbGz3yZbSBj.g./znTVTCN3FJbiwJsCy8kvVchNiw0F4a','2018-12-02 17:13:52');
/*!40000 ALTER TABLE `password_resets` ENABLE KEYS */;
UNLOCK TABLES;

--
-- Table structure for table `permission_role`
--

DROP TABLE IF EXISTS `permission_role`;
/*!40101 SET @saved_cs_client     = @@character_set_client */;
/*!40101 SET character_set_client = utf8 */;
CREATE TABLE `permission_role` (
  `id` int(10) unsigned NOT NULL AUTO_INCREMENT,
  `permission_id` int(10) unsigned NOT NULL,
  `role_id` int(10) unsigned NOT NULL,
  PRIMARY KEY (`id`),
  KEY `permission_role_permission_id_foreign` (`permission_id`),
  KEY `permission_role_role_id_foreign` (`role_id`),
  CONSTRAINT `permission_role_permission_id_foreign` FOREIGN KEY (`permission_id`) REFERENCES `permissions` (`id`) ON DELETE CASCADE,
  CONSTRAINT `permission_role_role_id_foreign` FOREIGN KEY (`role_id`) REFERENCES `roles` (`id`) ON DELETE CASCADE
) ENGINE=InnoDB AUTO_INCREMENT=169 DEFAULT CHARSET=utf8mb4 COLLATE=utf8mb4_unicode_ci;
/*!40101 SET character_set_client = @saved_cs_client */;

--
-- Dumping data for table `permission_role`
--

LOCK TABLES `permission_role` WRITE;
/*!40000 ALTER TABLE `permission_role` DISABLE KEYS */;
INSERT INTO `permission_role` VALUES (104,2,3),(162,8,2),(163,49,2),(168,50,5);
/*!40000 ALTER TABLE `permission_role` ENABLE KEYS */;
UNLOCK TABLES;

--
-- Table structure for table `permission_user`
--

DROP TABLE IF EXISTS `permission_user`;
/*!40101 SET @saved_cs_client     = @@character_set_client */;
/*!40101 SET character_set_client = utf8 */;
CREATE TABLE `permission_user` (
  `id` int(10) unsigned NOT NULL AUTO_INCREMENT,
  `permission_id` int(10) unsigned NOT NULL,
  `user_id` int(10) unsigned NOT NULL,
  PRIMARY KEY (`id`),
  KEY `permission_user_permission_id_foreign` (`permission_id`),
  KEY `permission_user_user_id_foreign` (`user_id`),
  CONSTRAINT `permission_user_permission_id_foreign` FOREIGN KEY (`permission_id`) REFERENCES `permissions` (`id`) ON DELETE CASCADE,
  CONSTRAINT `permission_user_user_id_foreign` FOREIGN KEY (`user_id`) REFERENCES `users` (`id`) ON DELETE CASCADE
) ENGINE=InnoDB AUTO_INCREMENT=199 DEFAULT CHARSET=utf8mb4 COLLATE=utf8mb4_unicode_ci;
/*!40101 SET character_set_client = @saved_cs_client */;

--
-- Dumping data for table `permission_user`
--

LOCK TABLES `permission_user` WRITE;
/*!40000 ALTER TABLE `permission_user` DISABLE KEYS */;
INSERT INTO `permission_user` VALUES (148,2,6),(149,8,6),(151,49,6),(155,50,7),(156,2,17),(160,50,18),(168,50,14),(180,50,20),(181,50,21),(182,2,22),(183,2,3),(187,49,24),(188,2,25),(189,2,27),(192,2,29),(194,49,30),(196,49,31),(197,2,32),(198,2,33);
/*!40000 ALTER TABLE `permission_user` ENABLE KEYS */;
UNLOCK TABLES;

--
-- Table structure for table `permissions`
--

DROP TABLE IF EXISTS `permissions`;
/*!40101 SET @saved_cs_client     = @@character_set_client */;
/*!40101 SET character_set_client = utf8 */;
CREATE TABLE `permissions` (
  `id` int(10) unsigned NOT NULL AUTO_INCREMENT,
  `name` varchar(191) COLLATE utf8mb4_unicode_ci NOT NULL,
  `display_name` varchar(191) COLLATE utf8mb4_unicode_ci NOT NULL,
  `sort` smallint(5) unsigned NOT NULL DEFAULT '0',
  `status` tinyint(1) NOT NULL DEFAULT '1',
  `created_by` int(11) DEFAULT NULL,
  `updated_by` int(10) unsigned DEFAULT NULL,
  `created_at` timestamp NULL DEFAULT NULL,
  `updated_at` timestamp NULL DEFAULT NULL,
  `deleted_at` timestamp NULL DEFAULT NULL,
  PRIMARY KEY (`id`),
  UNIQUE KEY `permissions_name_unique` (`name`)
) ENGINE=InnoDB AUTO_INCREMENT=51 DEFAULT CHARSET=utf8mb4 COLLATE=utf8mb4_unicode_ci;
/*!40101 SET character_set_client = @saved_cs_client */;

--
-- Dumping data for table `permissions`
--

LOCK TABLES `permissions` WRITE;
/*!40000 ALTER TABLE `permissions` DISABLE KEYS */;
INSERT INTO `permissions` VALUES (1,'view-backend','View Backend',1,1,1,NULL,'2018-10-03 09:18:41','2018-10-03 09:18:41',NULL),(2,'view-frontend','View Frontend',2,1,1,NULL,'2018-10-03 09:18:41','2018-10-03 09:18:41',NULL),(3,'view-access-management','View Access Management',3,1,1,NULL,'2018-10-03 09:18:41','2018-12-02 13:56:22','2018-12-02 13:56:22'),(4,'view-user-management','View User Management',4,1,1,NULL,'2018-10-03 09:18:41','2018-10-03 09:18:41',NULL),(5,'view-active-user','View Active User',5,1,1,NULL,'2018-10-03 09:18:41','2018-10-03 09:18:41',NULL),(6,'view-deactive-user','View Deactive User',6,1,1,NULL,'2018-10-03 09:18:41','2018-10-03 09:18:41',NULL),(7,'view-deleted-user','View Deleted User',7,1,1,NULL,'2018-10-03 09:18:41','2018-10-03 09:18:41',NULL),(8,'show-user','Show User Details',8,1,1,NULL,'2018-10-03 09:18:41','2018-10-03 09:18:41',NULL),(9,'create-user','Create User',9,1,1,NULL,'2018-10-03 09:18:41','2018-10-03 09:18:41',NULL),(10,'edit-user','Edit User',9,1,1,NULL,'2018-10-03 09:18:41','2018-10-03 09:18:41',NULL),(11,'delete-user','Delete User',10,1,1,NULL,'2018-10-03 09:18:41','2018-10-03 09:18:41',NULL),(12,'activate-user','Activate User',11,1,1,NULL,'2018-10-03 09:18:41','2018-10-03 09:18:41',NULL),(13,'deactivate-user','Deactivate User',12,1,1,NULL,'2018-10-03 09:18:41','2018-10-03 09:18:41',NULL),(14,'login-as-user','Login As User',13,1,1,NULL,'2018-10-03 09:18:41','2018-10-03 09:18:41',NULL),(15,'clear-user-session','Clear User Session',14,1,1,NULL,'2018-10-03 09:18:41','2018-10-03 09:18:41',NULL),(16,'view-role-management','View Role Management',15,1,1,NULL,'2018-10-03 09:18:41','2018-10-03 09:18:41',NULL),(17,'create-role','Create Role',16,1,1,NULL,'2018-10-03 09:18:41','2018-10-03 09:18:41',NULL),(18,'edit-role','Edit Role',17,1,1,NULL,'2018-10-03 09:18:41','2018-10-03 09:18:41',NULL),(19,'delete-role','Delete Role',18,1,1,NULL,'2018-10-03 09:18:41','2018-10-03 09:18:41',NULL),(20,'view-permission-management','View Permission Management',19,1,1,NULL,'2018-10-03 09:18:41','2018-10-03 09:18:41',NULL),(21,'create-permission','Create Permission',20,1,1,NULL,'2018-10-03 09:18:41','2018-10-03 09:18:41',NULL),(22,'edit-permission','Edit Permission',21,1,1,NULL,'2018-10-03 09:18:41','2018-10-03 09:18:41',NULL),(23,'delete-permission','Delete Permission',22,1,1,NULL,'2018-10-03 09:18:41','2018-10-03 09:18:41',NULL),(49,'view-omu','View-omu',0,1,1,1,'2018-11-09 12:17:22','2018-11-13 06:25:54',NULL),(50,'view-verification-person','view-verification-person',3,1,1,1,'2018-11-25 12:36:27','2018-11-29 10:16:13',NULL);
/*!40000 ALTER TABLE `permissions` ENABLE KEYS */;
UNLOCK TABLES;

--
-- Table structure for table `questions`
--

DROP TABLE IF EXISTS `questions`;
/*!40101 SET @saved_cs_client     = @@character_set_client */;
/*!40101 SET character_set_client = utf8 */;
CREATE TABLE `questions` (
  `id` int(10) unsigned NOT NULL AUTO_INCREMENT,
  `text_question` longtext COLLATE utf8mb4_unicode_ci NOT NULL,
  `image_width` int(3) NOT NULL DEFAULT '150',
  `id_block` int(10) unsigned NOT NULL,
  `created_at` timestamp NULL DEFAULT NULL,
  `updated_at` timestamp NULL DEFAULT NULL,
  PRIMARY KEY (`id`),
  KEY `id_block` (`id_block`),
  CONSTRAINT `questions_ibfk_1` FOREIGN KEY (`id_block`) REFERENCES `blocks` (`id`) ON DELETE CASCADE ON UPDATE NO ACTION
) ENGINE=InnoDB AUTO_INCREMENT=128 DEFAULT CHARSET=utf8mb4 COLLATE=utf8mb4_unicode_ci;
/*!40101 SET character_set_client = @saved_cs_client */;

--
-- Dumping data for table `questions`
--

LOCK TABLES `questions` WRITE;
/*!40000 ALTER TABLE `questions` DISABLE KEYS */;
INSERT INTO `questions` VALUES (1,'qweqweqwe',150,80,'2018-12-14 10:16:34','2018-12-26 09:55:30'),(2,'qeqe',150,80,'2018-12-14 10:25:48','2018-12-26 09:55:30'),(3,'wer',150,80,'2018-12-14 10:30:17','2018-12-26 09:55:30'),(4,'qeqeqe',150,81,'2018-12-14 10:32:51','2018-12-26 09:55:30'),(5,'qweeeeeeeeeee',150,81,'2018-12-14 10:33:52','2018-12-26 09:55:30'),(6,'sssssssssssssssssssssssss',150,81,'2018-12-14 10:33:59','2018-12-26 09:55:30'),(7,'qweqwe',150,98,'2018-12-14 10:42:34','2018-12-26 09:55:30'),(8,'rrrrrrrrrr',150,98,'2018-12-14 10:42:52','2018-12-26 09:55:30'),(9,'wwwwwwww',150,98,'2018-12-14 10:42:57','2018-12-26 09:55:30'),(10,'qqqqqqqqqqqqq',150,98,'2018-12-14 10:43:03','2018-12-26 09:55:30'),(11,'qweqwe',150,99,'2018-12-14 11:03:47','2018-12-26 09:55:30'),(12,'wwwwwww',150,99,'2018-12-14 11:03:53','2018-12-26 09:55:30'),(13,'111111111111111',150,99,'2018-12-14 11:04:55','2018-12-26 09:55:30'),(14,'qqqqqqqqqqqqqqqqqqqqqq22222222222222222',150,80,'2018-12-14 11:06:10','2018-12-26 09:55:30'),(15,'rrrrrrrrrrrrrr',150,80,'2018-12-14 11:06:16','2018-12-26 09:55:30'),(16,'5555555555555555',150,80,'2018-12-14 11:07:01','2018-12-26 09:55:30'),(17,'3333333333',150,80,'2018-12-14 11:07:07','2018-12-26 09:55:30'),(18,'Рц',150,96,'2018-12-18 05:37:56','2018-12-18 05:37:56'),(19,'Ми',150,96,'2018-12-18 05:38:47','2018-12-18 05:38:47'),(20,'hello',150,96,'2018-12-18 05:44:07','2018-12-18 05:44:07'),(21,'0',150,96,'2018-12-18 05:46:10','2018-12-18 05:46:10'),(22,'gg',150,96,'2018-12-18 05:46:31','2018-12-18 05:46:31'),(23,'12',150,100,'2018-12-18 06:48:34','2018-12-21 09:31:37'),(24,'v',150,100,'2018-12-18 06:50:32','2018-12-21 09:31:37'),(25,'b',150,100,'2018-12-18 06:51:40','2018-12-21 09:31:37'),(26,'h',150,100,'2018-12-18 06:53:16','2018-12-21 09:31:37'),(27,'n',150,100,'2018-12-18 06:53:44','2018-12-21 09:31:37'),(28,'g',150,100,'2018-12-18 06:57:02','2018-12-21 09:31:37'),(29,'j',150,100,'2018-12-18 06:57:19','2018-12-21 09:31:37'),(30,'b',150,100,'2018-12-18 06:57:54','2018-12-21 09:31:37'),(31,'h',150,100,'2018-12-18 06:59:37','2018-12-21 09:31:37'),(32,'he',150,104,'2018-12-22 09:14:07','2018-12-22 09:14:07'),(33,'ttt',150,104,'2018-12-22 09:14:35','2018-12-22 09:14:35'),(34,'fff',150,104,'2018-12-22 09:14:52','2018-12-22 09:14:52'),(35,'123',150,106,'2018-12-26 19:15:31','2018-12-26 19:15:31'),(36,'2',150,106,'2018-12-26 19:15:53','2018-12-26 19:15:53'),(37,'2',150,106,'2018-12-26 19:15:53','2018-12-26 19:15:53'),(38,'За допомогою якого правила визначаємо число незалежних факторів рівноваги, які визначають рівноважний стан системи?',150,107,'2019-01-02 10:39:29','2019-01-02 10:39:29'),(39,'Назвіть умови утворення при плавленні безперервного ряду твердих розчинів.',150,107,'2019-01-02 10:44:41','2019-01-02 10:44:41'),(40,'Які фазові перетворення можливі в твердих розчинах у твердому стані?',150,107,'2019-01-02 10:45:24','2019-01-02 10:45:24'),(41,'Евтектика - це:',150,107,'2019-01-02 10:46:25','2019-01-02 10:46:25'),(42,'Що таке ретроградний солідус?',150,107,'2019-01-02 10:47:28','2019-01-02 10:47:28'),(43,'Яка будова евтектики характерна для багатьох  сплавів?',150,107,'2019-01-02 10:48:22','2019-01-02 10:48:22'),(44,'Евтектична реакція - це:',150,107,'2019-01-02 10:49:56','2019-01-02 10:49:56'),(45,'Що таке перитектична структура?',150,107,'2019-01-02 10:53:12','2019-01-02 10:53:12'),(46,'Проміжна фаза - це:',150,107,'2019-01-02 10:54:17','2019-01-02 10:54:17'),(47,'Які нонваріантні перетворення відбуваються в твердому стані?',150,107,'2019-01-02 11:31:42','2019-01-02 11:31:42'),(48,'Які фазові перетворення можливі в сплавах у твердому стані?',150,107,'2019-01-02 11:32:41','2019-01-02 11:32:41'),(49,'Метастабільні структури залізовуглецевих сплавів - це:',150,107,'2019-01-02 11:35:14','2019-01-02 11:35:14'),(50,'Яка критична точка діаграми стану залізо-вуглець відповідає магнітному перетворенню?',150,107,'2019-01-02 11:36:03','2019-01-02 11:36:03'),(51,'Чим відрізняються структури розпаду аустеніту перліт, сорбіт, троостит від аналогічних, отриманих при відпуску сталі?',150,107,'2019-01-02 12:32:37','2019-01-02 12:32:37'),(52,'Назвіть нонваріантні перетворення що відбуваються по лініях діаграми Fe - Fe3C:',150,107,'2019-01-02 12:33:59','2019-01-02 12:33:59'),(53,'Які форми графіту можливі в промислових графітних чавунах?',150,107,'2019-01-02 12:34:51','2019-01-02 12:34:51'),(54,'Від якого фактору залежить твердість і міцність графітного чавуну?',150,107,'2019-01-02 12:35:42','2019-01-02 12:35:42'),(55,'Назвіть фази діаграми стану Fe - Fe<sub>3</sub>C при t = 200<sup>o</sup>C.',150,107,'2019-01-02 12:42:22','2019-02-18 12:29:04'),(56,'Яка структура діаграми стану Fe - Fe<sub>3</sub>C має твердість ~ 7000 МПа?',150,107,'2019-01-02 12:43:17','2019-03-05 08:06:43'),(57,'Яке практичне значення мають критичні точки діаграми стану Fe - Fe3C?',150,107,'2019-01-02 12:44:16','2019-01-02 12:44:16'),(58,'Яка фаза діаграми стану Fe - C являється хімічною сполукою?',150,107,'2019-01-02 12:45:01','2019-01-02 12:45:01'),(59,'Які фази входять в структуру заевтектоїдної сталі при 20С?',150,107,'2019-01-02 12:55:06','2019-01-02 12:55:06'),(60,'Яка форма графітних включень у білому чавуні?',150,107,'2019-01-02 12:56:07','2019-01-02 12:56:07'),(61,'Чим пояснюється висока міцність і значна пластичність високоміцних чавунів?',150,107,'2019-01-02 13:33:34','2019-01-02 13:33:34'),(62,'Які лінії діаграми Fe - Fe3C відповідають поліморфним перетворенням?',150,107,'2019-01-02 14:23:32','2019-01-02 14:23:32'),(63,'Яка з приведених діаграм з інконгурентно плавкою плавкою фазою?',150,107,'2019-01-02 14:30:17','2019-01-02 14:30:17'),(64,'Знайти на приведеній діаграмі лінії сольвус.',150,107,'2019-01-02 14:33:11','2019-01-02 14:33:11'),(65,'Визначити діаграму з поліморфним перетворенням обох компонентів.',150,107,'2019-01-02 14:57:58','2019-01-02 14:57:58'),(66,'Яка з приведених структур – ледебурит перетворений?',150,107,'2019-01-03 07:57:36','2019-02-18 12:37:06'),(67,'Який графіт отримують шляхом термічної обробки?',150,107,'2019-01-03 08:04:08','2019-01-03 08:04:08'),(68,'До легких кольорових металів відносять:',150,108,'2019-01-03 08:17:39','2019-01-03 08:17:39'),(69,'Вибрати з представлених деформований алюмінієвий сплав (сплави), що зміцнюється термічною обробкою:',150,108,'2019-01-03 08:19:09','2019-01-03 08:19:09'),(70,'Придатними до старіння є сплав (и) системи',150,108,'2019-01-03 08:30:20','2019-01-03 08:30:21'),(71,'Силуміни – це  сплави системи:',150,108,'2019-01-03 08:31:00','2019-01-03 08:31:00'),(72,'Алюміній характеризується наступними властивостями:',150,108,'2019-01-03 08:32:22','2019-01-03 08:32:22'),(73,'Термічна обробка сплавів АМц:',150,108,'2019-01-03 08:33:17','2019-01-03 08:33:17'),(74,'Навіщо для силумінів застосовують модифікування:',150,108,'2019-01-03 08:43:26','2019-01-03 08:43:26'),(75,'Сплави найменшої густини - це сплави системи:',150,108,'2019-01-08 13:01:58','2019-01-08 13:01:59'),(76,'Густина алюмінію, кг / м3.',150,108,'2019-01-08 13:02:37','2019-01-08 13:02:37'),(77,'Який тип кристалічної ґратки алюмінію?',150,108,'2019-01-08 13:03:17','2019-01-08 13:03:17'),(78,'Сплави САС мають:',150,108,'2019-01-08 13:04:00','2019-01-08 13:04:00'),(79,'Який із зазначених легувальних елементів стабілізує α-фазу титану і його сплавів?',150,108,'2019-01-08 13:05:14','2019-01-08 13:05:14'),(80,'Який сплав на основі міді зміцнюється термічною обробкою?',150,108,'2019-01-08 13:07:44','2019-01-08 13:07:44'),(81,'Вибрати із зазначених ливарний мідний сплав',150,108,'2019-01-08 13:08:25','2019-01-08 13:08:25'),(82,'На підприємстві проводиться штампування втулок зі сплаву Л85. Визначити оптимальну температуру гарячої деформації сплаву.',150,108,'2019-01-08 13:09:13','2019-01-08 13:09:13'),(83,'Сплав на основі міді, основним легувальним елементом якого є цинк, називається:',150,108,'2019-01-08 13:11:03','2019-01-08 13:11:03'),(84,'Практичне застосування мають латуні з вмістом цинку:',150,108,'2019-01-08 13:11:43','2019-01-08 13:11:43'),(85,'Оптимальний вміст олова в олов’янистих бронзах:',150,108,'2019-01-08 13:12:16','2019-01-08 13:12:16'),(86,'Берилієві бронзи в основному використовуються для виготовлення:',150,108,'2019-01-08 13:12:57','2019-01-08 13:12:57'),(87,'Термообробка для берилієвих бронз:',150,108,'2019-01-08 13:13:35','2019-01-08 13:13:35'),(88,'Для виготовлення медалей і дрібної монети використовують:',150,108,'2019-01-08 13:14:44','2019-01-08 13:14:44'),(89,'Нейзильбери - це сплави системи:',150,108,'2019-01-08 13:15:25','2019-01-08 13:15:25'),(90,'Вибрати матеріал для виготовлення підшипника ковзання.',150,108,'2019-01-08 13:16:35','2019-01-08 13:16:35'),(91,'Визначити кристалічну ґратку сплаву М1.',150,108,'2019-01-08 13:17:23','2019-01-08 13:17:23'),(92,'За впливом на поліморфне перетворення титану легувальні елементи поділяються на',150,108,'2019-01-08 13:18:07','2019-01-08 13:18:07'),(93,'Температура поліморфного перетворення титану?',150,108,'2019-01-08 13:18:42','2019-01-08 13:18:42'),(94,'Яка термічна обробка забезпечує найвищий рівень міцності титановим сплавам?',150,108,'2019-01-08 13:19:18','2019-01-08 13:19:18'),(95,'Високотемпературною модифікацією титану є:',150,108,'2019-01-08 13:19:57','2019-01-08 13:19:57'),(96,'Як виправити грубозернисту структуру титана і його сплавів?',150,108,'2019-01-08 13:20:34','2019-01-08 13:20:34'),(97,'Які види гартування застосовують для титанових сплавів:',150,108,'2019-01-08 13:21:10','2019-01-08 13:21:10'),(98,'hh',150,80,'2019-01-14 08:35:20','2019-01-14 08:35:20'),(99,'1',150,100,'2019-01-15 12:29:12','2019-01-15 12:29:12'),(118,'Рудддлгп',150,115,'2019-02-18 06:59:08','2019-02-18 06:59:08'),(119,'54354щ867',150,115,'2019-02-18 06:59:35','2019-02-18 06:59:35'),(120,'6',150,117,'2019-02-18 07:09:16','2019-02-18 07:09:16'),(121,'<p class=\"MsoNormal\" style=\"margin-right:-.05pt;text-align:justify;text-indent:\n35.45pt\"><span lang=\"UK\" style=\"font-size:12.0pt;font-family:&quot;Times New Roman&quot;,serif;\nmso-ansi-language:UK\">Інформаційна система <b>універс<u>и(е)</u>тету</b> включає понад 4,7 тис. комп’ютерних робочих місць, об’єднаних у мережу з доступом до Інтернету. Між базовим закладом\nта поза(-)базовими підрозділами діють виділені лінії оптоволоконної мережі. Більша\nчастина кампусу має покриття вільними зонами бездротового доступу з\nможливістю одночасного <b>п<u>і(о)</u>дключення</b> до Internet близько 8,5&nbsp;тис. користувачів. Діють системи хмарного збереження\nданих. Застосовуються технології віртуалізації та кластерних обчислень. Працює\nвласний сервер антивірусного захисту. Використовуються ліцензійні операційні системи від Microsoft та пакети прикладного програмного забезпечення (кількість діючих ліцензій на програмні продукти становить понад 26 тисяч). Студенти\nта співробітники мають можливість отримання операційних систем та програмного\nзабезпечення для персонального використання у рамках програм пільгового академічного\nліцензування. Web-система СумДУ налічує понад\n250 публічних сайтів українською, англійською та іншими мовами світу. Діють\nінтерактивні online-студії. Працює цілодобове\nінтернет-радіо, проводяться багатокамерні трансляції онлайн-телебачення.\nДіє комплексна автоматизована система\nуправління, яка у цілому сертифікована за 3 класом захисту\nінформації (окремі модулі відповідають 1 класу).<o:p></o:p></span></p>\n\n<p class=\"MsoNormal\" style=\"margin-right:-.05pt;text-align:justify;text-indent:\n35.45pt\"><span lang=\"UK\" style=\"font-size:12.0pt;font-family:&quot;Times New Roman&quot;,serif;\nmso-ansi-language:UK\">Здійснюється постійна\nмодернізація комп’ютерної техніки,\nпрограмного забезпечення та устаткування, яка <b>значною</b> <u><b>(головною)</b></u> мірою фінансується за рахунок надходжень від реалізації міжнародних грантових проектів. <o:p></o:p></span></p>\n\n<p class=\"MsoNormal\" style=\"margin-right:-.05pt;text-align:justify;text-indent:\n35.45pt\"><span lang=\"UK\" style=\"font-size:\n12.0pt;font-family:&quot;Times New Roman&quot;,serif;letter-spacing:-.1pt;mso-ansi-language:\nUK\">Використовується</span><span lang=\"UK\" style=\"font-size:12.0pt;\nfont-family:&quot;Times New Roman&quot;,serif;letter-spacing:-.1pt;mso-ansi-language:\nUK\"> також матеріальна база підприємств, установ, закладів та\nорганізацій, при яких діють філії та клінічні бази кафедр, на яких провадиться\nчастина освітнього процесу. <o:p></o:p></span></p>\n\n<p class=\"MsoNormal\" style=\"margin-right:-.05pt;text-align:justify;text-indent:\n35.45pt\"><span lang=\"UK\" style=\"font-size:12.0pt;font-family:&quot;Times New Roman&quot;,serif;\nmso-ansi-language:UK\">Діє високотехнологічна бібліотечно-інформаційна система, яка містить близько 3,1 млн. примірників\nз понад 417 тисяч найменувань 28 мовами світу. Електронна бібліотека містить <b><u>близько (около)</u></b> 135 тисяч повнотекстових\nматеріалів. Надається доступ інформаційних\nнаукових баз даних (у тому числі до комерційних з передплатою). Здійснюється\nпередплата на українські та зарубіжні періодичні видання. Загальна кількість посадкових\nмісць у&nbsp;читальних залах\nстановить понад 1,2 тис. місць, діють\nелектронні читальні зали. Бібліотека СумДУ є дипломантом Всеукраїнського\nконкурсу «Бібліотека року». Електронний репозиторій містить <span style=\"background:aqua;mso-highlight:aqua\">понад 70&nbsp;тисяч&nbsp;документів </span>та традиційно входить до Топ-100 світового рейтингу Transparent Ranking of Repositories (1 національна та 39 світова позиція у січні 201</span><span lang=\"EN-US\" style=\"font-size:12.0pt;font-family:&quot;Times New Roman&quot;,serif;mso-ansi-language:\nEN-US\">9</span><span lang=\"UK\" style=\"font-size:12.0pt;font-family:&quot;Times New Roman&quot;,serif;\nmso-ansi-language:UK\"> року). <o:p></o:p></span></p>\n\n<p class=\"MsoNormal\" style=\"margin-right:-.05pt;text-align:justify;text-indent:\n35.45pt\"><span lang=\"UK\" style=\"font-size:\n12.0pt;font-family:&quot;Times New Roman&quot;,serif;mso-ansi-language:UK\">Система\nелектронного навчання</span><span lang=\"UK\" style=\"font-size:12.0pt;\nfont-family:&quot;Times New Roman&quot;,serif;mso-ansi-language:UK\"> університету забезпечує\nдоступ до матеріалів українською, англійською та російською мовами з понад 400 повнофункціональних курсів,\nрозроблено понад 1,9 тис. віртуальних\nтренажерів та інтерактивних демонстрацій, більше 166 тис. тестових завдань, понад 850 навчальних відеоматеріалів та інших складових e-learning. Для доступу\nдо електронних навчально-методичних матеріалів з реєстрацією для всіх бажаючих\nрозроблено платформу OCW. Діє платформа змішаного навчання «МіХ» для\nвикористання технологій електронного навчання для студентів денної та заочної\nформ підготовки. 875&nbsp;осіб&nbsp;у&nbsp;повному\nобсязі здобувають освіту за\nдистанційними технологіями навчання.<span style=\"color:#0070C0\"><o:p></o:p></span></span></p>',150,120,'2019-02-22 11:28:32','2019-02-22 11:28:32'),(122,'<div>До послуг здобувачів вищої освіти та співробітників комплексу СумДУ 14 власних гуртожитків та гуртожиток-готель загальною потужністю близько 4 тис. місць.&nbsp;</div><div>Комплекс громадського харчування університету має потужність близько 1,8 тисячі місць. Діють корпус громадського харчування, студентський кава-клуб, мережа їдальнь, <b>ка<u>ф(хв)</u>етеріїв</b> та буфетів при навчальних корпусах та гуртожитках, їдальня при спортивно-оздоровчому центрі.</div><div>В університеті створена потужна база для розвитку фізкультури і спорту. Функціонують 5 окремих спорткомплексів (понад 40 спортивних споруд), на базі яких можуть одночасно займатись понад 5 тисяч осіб. Діють сучасний легкоатлетичний манеж, який <b>серт<u>и(і)</u>фіковано</b> на відповідність технічним вимогам Міжнародної асоціації легкоатлетичних федерацій та є основною тренувальною базою спортсменів Східного центру олімпійської підготовки з легкої атлетики, 2 плавальні басейни, лижна та водно-веслувальна бази, центр спортивної медицини та фізичної реабілітації, стадіони та обладнані спортмайданчики (у тому числі з штучним покриттям), тенісні корти, стрілецькі тири та майданчики для стрільби, шейпінг-центр та 2 фітнес-центри, обладнані спортивні, тренажерні та тренувальні зали. Працює центр допінг-контролю з необхідним медичним обладнанням.</div><div>Діють позаміський <b>спортивно-оздоровч<u>и(і)</u>й</b> центр, університетська клініка, а також мережа медичних пунктів, при яких працюють спеціалізовані лікувально-діагностичні, медико-профілактичні, лікувально-фізкультурні, фізіотерапевтичні та маніпуляційні кабінети, <b>фіто<u>(-)</u>бар</b>, реабілітаційний басейн.&nbsp;</div><div><br></div>',150,120,'2019-02-22 11:31:07','2019-02-22 11:31:07'),(123,'<div><font face=\"Times New Roman, serif\">В університеті проведено обстеження будівель СумДУ та прилеглих територій щодо їх доступності для <b>мало<u>(-)</u>мобільних </b>груп населення, розроблено план-графік виконання робіт по <b>забе<u>з(с)</u>печенню</b> безбар’єрного доступу приміщень СумДУ для осіб з особливими потребами, а також визначені необхідні обсяги фінансування. Згідно з графіком проводяться облаштування територій, улаштування пандусів, реконструкції санвузлів, монтаж підйомників, облаштування усіх будівель і споруд тактильними <b>пока<u>жч(зн)</u>иками</b> з шрифтом Брайля та виконуються інші передбачені заходи.</font></div><div><font face=\"Times New Roman, serif\">Для студентів, які мають захворювання опорно-рухового апарату та відвідують університет, розклад занять складається таким чином, щоб усі заняття проходили у навчальних корпусах, обладнаних пандусами та ліфтами або лише на перших поверхах навчальних корпусів без ліфтів. Для осіб з особливими освітніми потребами, які не мають можливості відвідувати університет, створені умови для здобуття вищої освіти вдома за дистанційними технологіями навчання.</font></div><div><font face=\"Times New Roman, serif\">На сьогодні для маломобільних груп населення забезпечено безбар’єрний доступ до навчальних приміщень на перших поверхах основних будівель, які задіяні у освітній діяльності. У всіх будівлях та спорудах, які не відповідали необхідним вимогам, розширені дверні прорізи. Один з навчальних корпусів, конгрес-центр, університетська клініка, чотири гуртожитки та гуртожиток-готель обладнані ліфтами, які відповідають вимогам ДБН В.2.2-3:2018 та ДБН В.2.2 17:2016. На 2019 рік заплановано облаштування для потреб осіб з обмеженими фізичними можливостями сходів усіх будівель та споруд. Санвузлами, придатними для використання маломобільними групами населення обладнано конгрес-центр, відповідне обладнання санвузлів навчальних корпусів, спортивних споруд та гуртожитку-готелю заплановане на 2019-2020 роки.</font></div><div><br></div>',150,120,'2019-02-22 11:34:29','2019-02-22 11:34:29'),(124,'asdasdasd',100,124,'2019-02-28 14:27:48','2019-02-28 14:27:48'),(125,'asdasdasd',100,124,'2019-02-28 14:28:00','2019-02-28 14:28:00'),(126,'asdasdas',100,124,'2019-02-28 14:28:00','2019-02-28 14:28:00'),(127,'asdasdasdas',100,124,'2019-02-28 14:28:00','2019-02-28 14:28:00');
/*!40000 ALTER TABLE `questions` ENABLE KEYS */;
UNLOCK TABLES;

--
-- Table structure for table `role_user`
--

DROP TABLE IF EXISTS `role_user`;
/*!40101 SET @saved_cs_client     = @@character_set_client */;
/*!40101 SET character_set_client = utf8 */;
CREATE TABLE `role_user` (
  `id` int(10) unsigned NOT NULL AUTO_INCREMENT,
  `user_id` int(10) unsigned NOT NULL,
  `role_id` int(10) unsigned NOT NULL,
  PRIMARY KEY (`id`),
  KEY `role_user_user_id_foreign` (`user_id`),
  KEY `role_user_role_id_foreign` (`role_id`),
  CONSTRAINT `role_user_role_id_foreign` FOREIGN KEY (`role_id`) REFERENCES `roles` (`id`) ON DELETE CASCADE,
  CONSTRAINT `role_user_user_id_foreign` FOREIGN KEY (`user_id`) REFERENCES `users` (`id`) ON DELETE CASCADE
) ENGINE=InnoDB AUTO_INCREMENT=40 DEFAULT CHARSET=utf8mb4 COLLATE=utf8mb4_unicode_ci;
/*!40101 SET character_set_client = @saved_cs_client */;

--
-- Dumping data for table `role_user`
--

LOCK TABLES `role_user` WRITE;
/*!40000 ALTER TABLE `role_user` DISABLE KEYS */;
INSERT INTO `role_user` VALUES (1,1,1),(14,3,3),(17,6,2),(18,7,5),(22,14,5),(23,17,3),(24,18,5),(26,20,5),(27,21,5),(28,22,3),(30,24,2),(31,25,3),(33,27,3),(35,29,3),(36,30,2),(37,31,2),(38,32,3),(39,33,3);
/*!40000 ALTER TABLE `role_user` ENABLE KEYS */;
UNLOCK TABLES;

--
-- Table structure for table `roles`
--

DROP TABLE IF EXISTS `roles`;
/*!40101 SET @saved_cs_client     = @@character_set_client */;
/*!40101 SET character_set_client = utf8 */;
CREATE TABLE `roles` (
  `id` int(10) unsigned NOT NULL AUTO_INCREMENT,
  `name` varchar(191) COLLATE utf8mb4_unicode_ci NOT NULL,
  `all` tinyint(1) NOT NULL DEFAULT '0',
  `sort` smallint(5) unsigned NOT NULL DEFAULT '0',
  `status` tinyint(1) NOT NULL DEFAULT '1',
  `created_by` int(11) DEFAULT NULL,
  `updated_by` int(10) unsigned DEFAULT NULL,
  `created_at` timestamp NULL DEFAULT NULL,
  `updated_at` timestamp NULL DEFAULT NULL,
  `deleted_at` timestamp NULL DEFAULT NULL,
  PRIMARY KEY (`id`),
  UNIQUE KEY `roles_name_unique` (`name`)
) ENGINE=InnoDB AUTO_INCREMENT=6 DEFAULT CHARSET=utf8mb4 COLLATE=utf8mb4_unicode_ci;
/*!40101 SET character_set_client = @saved_cs_client */;

--
-- Dumping data for table `roles`
--

LOCK TABLES `roles` WRITE;
/*!40000 ALTER TABLE `roles` DISABLE KEYS */;
INSERT INTO `roles` VALUES (1,'Адміністратор',1,1,0,1,1,'2018-10-03 09:18:41','2018-10-05 07:37:26',NULL),(2,'Представник ОМУ',0,3,0,1,1,'2018-10-03 09:18:41','2018-11-14 05:34:02',NULL),(3,'Представник кафедри',0,4,0,1,1,'2018-10-03 09:18:41','2018-10-05 05:35:29',NULL),(4,'Адміністратор ОМУ',0,2,0,1,1,'2018-10-03 10:23:57','2018-12-02 14:02:29','2018-12-02 14:02:29'),(5,'Верифікуюча особа',0,5,0,1,1,'2018-11-25 12:37:36','2018-11-29 10:19:51',NULL);
/*!40000 ALTER TABLE `roles` ENABLE KEYS */;
UNLOCK TABLES;

--
-- Table structure for table `sessions`
--

DROP TABLE IF EXISTS `sessions`;
/*!40101 SET @saved_cs_client     = @@character_set_client */;
/*!40101 SET character_set_client = utf8 */;
CREATE TABLE `sessions` (
  `id` varchar(191) COLLATE utf8mb4_unicode_ci NOT NULL,
  `user_id` int(10) unsigned DEFAULT NULL,
  `ip_address` varchar(45) COLLATE utf8mb4_unicode_ci DEFAULT NULL,
  `user_agent` text COLLATE utf8mb4_unicode_ci,
  `payload` text COLLATE utf8mb4_unicode_ci NOT NULL,
  `last_activity` int(11) NOT NULL,
  UNIQUE KEY `sessions_id_unique` (`id`)
) ENGINE=InnoDB DEFAULT CHARSET=utf8mb4 COLLATE=utf8mb4_unicode_ci;
/*!40101 SET character_set_client = @saved_cs_client */;

--
-- Dumping data for table `sessions`
--

LOCK TABLES `sessions` WRITE;
/*!40000 ALTER TABLE `sessions` DISABLE KEYS */;
/*!40000 ALTER TABLE `sessions` ENABLE KEYS */;
UNLOCK TABLES;

--
-- Table structure for table `settings`
--

DROP TABLE IF EXISTS `settings`;
/*!40101 SET @saved_cs_client     = @@character_set_client */;
/*!40101 SET character_set_client = utf8 */;
CREATE TABLE `settings` (
  `id` int(10) unsigned NOT NULL AUTO_INCREMENT,
  `logo` varchar(191) COLLATE utf8mb4_unicode_ci DEFAULT NULL,
  `favicon` varchar(191) COLLATE utf8mb4_unicode_ci DEFAULT NULL,
  `seo_title` varchar(191) COLLATE utf8mb4_unicode_ci DEFAULT NULL,
  `seo_keyword` text COLLATE utf8mb4_unicode_ci,
  `seo_description` text COLLATE utf8mb4_unicode_ci,
  `company_contact` varchar(191) COLLATE utf8mb4_unicode_ci DEFAULT NULL,
  `company_address` text COLLATE utf8mb4_unicode_ci,
  `from_name` varchar(191) COLLATE utf8mb4_unicode_ci DEFAULT NULL,
  `from_email` varchar(191) COLLATE utf8mb4_unicode_ci DEFAULT NULL,
  `facebook` varchar(191) COLLATE utf8mb4_unicode_ci DEFAULT NULL,
  `linkedin` varchar(191) COLLATE utf8mb4_unicode_ci DEFAULT NULL,
  `twitter` varchar(191) COLLATE utf8mb4_unicode_ci DEFAULT NULL,
  `google` varchar(191) COLLATE utf8mb4_unicode_ci DEFAULT NULL,
  `copyright_text` varchar(191) COLLATE utf8mb4_unicode_ci DEFAULT NULL,
  `footer_text` varchar(191) COLLATE utf8mb4_unicode_ci DEFAULT NULL,
  `terms` text COLLATE utf8mb4_unicode_ci,
  `disclaimer` text COLLATE utf8mb4_unicode_ci,
  `google_analytics` text COLLATE utf8mb4_unicode_ci,
  `home_video1` varchar(191) COLLATE utf8mb4_unicode_ci DEFAULT NULL,
  `home_video2` varchar(191) COLLATE utf8mb4_unicode_ci DEFAULT NULL,
  `home_video3` varchar(191) COLLATE utf8mb4_unicode_ci DEFAULT NULL,
  `home_video4` varchar(191) COLLATE utf8mb4_unicode_ci DEFAULT NULL,
  `explanation1` varchar(191) COLLATE utf8mb4_unicode_ci DEFAULT NULL,
  `explanation2` varchar(191) COLLATE utf8mb4_unicode_ci DEFAULT NULL,
  `explanation3` varchar(191) COLLATE utf8mb4_unicode_ci DEFAULT NULL,
  `explanation4` varchar(191) COLLATE utf8mb4_unicode_ci DEFAULT NULL,
  `created_at` timestamp NULL DEFAULT NULL,
  `updated_at` timestamp NULL DEFAULT NULL,
  PRIMARY KEY (`id`)
) ENGINE=InnoDB AUTO_INCREMENT=2 DEFAULT CHARSET=utf8mb4 COLLATE=utf8mb4_unicode_ci;
/*!40101 SET character_set_client = @saved_cs_client */;

--
-- Dumping data for table `settings`
--

LOCK TABLES `settings` WRITE;
/*!40000 ALTER TABLE `settings` DISABLE KEYS */;
INSERT INTO `settings` VALUES (1,NULL,NULL,'Розробка екзаменаційних завдань',NULL,NULL,NULL,'СумДУ, вул.Римського-Корсакова, 2, м.Суми, Україна',NULL,NULL,NULL,NULL,NULL,NULL,'ГІАС','Сумський державний університет',NULL,NULL,NULL,NULL,NULL,NULL,NULL,NULL,NULL,NULL,NULL,NULL,'2018-10-31 19:20:43');
/*!40000 ALTER TABLE `settings` ENABLE KEYS */;
UNLOCK TABLES;

--
-- Table structure for table `specialities`
--

DROP TABLE IF EXISTS `specialities`;
/*!40101 SET @saved_cs_client     = @@character_set_client */;
/*!40101 SET character_set_client = utf8 */;
CREATE TABLE `specialities` (
  `id` int(10) unsigned NOT NULL AUTO_INCREMENT,
  `name_speciality` varchar(191) COLLATE utf8mb4_unicode_ci NOT NULL,
  `number` text COLLATE utf8mb4_unicode_ci NOT NULL,
  `blank_title` text COLLATE utf8mb4_unicode_ci NOT NULL,
  `blank_purpose` text COLLATE utf8mb4_unicode_ci NOT NULL,
  `declined_reason` text COLLATE utf8mb4_unicode_ci,
  `id_cafedres` int(10) unsigned NOT NULL,
  `status` text COLLATE utf8mb4_unicode_ci,
  `type` int(10) NOT NULL DEFAULT '0',
  `created_at` timestamp NULL DEFAULT NULL,
  `updated_at` timestamp NULL DEFAULT NULL,
  PRIMARY KEY (`id`),
  KEY `id_cafedres` (`id_cafedres`),
  CONSTRAINT `specialities_ibfk_1` FOREIGN KEY (`id_cafedres`) REFERENCES `cafedres` (`id`) ON DELETE CASCADE ON UPDATE NO ACTION
) ENGINE=InnoDB AUTO_INCREMENT=31 DEFAULT CHARSET=utf8mb4 COLLATE=utf8mb4_unicode_ci;
/*!40101 SET character_set_client = @saved_cs_client */;

--
-- Dumping data for table `specialities`
--

LOCK TABLES `specialities` WRITE;
/*!40000 ALTER TABLE `specialities` DISABLE KEYS */;
INSERT INTO `specialities` VALUES (7,'Фінанси та кредит','ШЩА240','фахового вступного випробування при прийомі на перший курс зі скороченим терміном навчання та другий (третій) курс з нормативним терміном навчання','для здобуття ступеня \"бакалавр\" зі спеціальності 082 \"Право\"',NULL,1,'in_development',0,'2018-11-30 15:46:05','2019-03-04 14:22:12'),(10,'jnjnwwww','njnjл','qwe','qeeqeqe',NULL,1,'approved',0,'2018-12-03 13:09:53','2018-12-18 15:42:46'),(11,'Інформатика','о','','','3',7,'approved',0,'2018-12-03 13:15:19','2018-12-18 15:43:26'),(12,'Інформаційні технології проектування','8шл','','',NULL,7,'in_development',0,'2018-12-03 15:59:36','2018-12-14 08:11:31'),(14,'test','1','5','5',NULL,1,'approved',0,'2018-12-06 11:49:25','2018-12-06 11:52:42'),(15,'u','u','u','u',NULL,1,'in_development',0,'2018-12-18 18:32:21','2018-12-18 18:32:21'),(16,'Кафедра філософіїsadasdas','12321','dsaa','das',NULL,1,'in_development',0,'2018-12-21 09:27:01','2018-12-21 09:27:13'),(17,'Прикладне матеріалознавство','064321','(наприклад: фахового вступного випробування при прийомі на перший курс','для здобуття ступеня \"баклавр\" зі спеціальності',NULL,18,'in_development',0,'2018-12-22 17:19:18','2018-12-22 18:26:34'),(23,'Ua','1234','Vo1','4445',NULL,19,'approved',1,'2019-02-18 06:51:09','2019-02-22 11:40:58'),(24,'English','34','xcvb','fgrdt',NULL,19,'in_development',2,'2019-02-18 06:51:28','2019-02-18 06:51:28'),(25,'11','11','22','22',NULL,19,'in_development',0,'2019-02-18 07:04:08','2019-02-18 07:04:08'),(26,'En23','1','1','1',NULL,20,'in_development',2,'2019-02-18 07:15:43','2019-02-18 07:17:21'),(27,'Українська (тест)','\'11','111','2222',NULL,21,'approved',1,'2019-02-18 13:08:47','2019-02-22 11:42:36'),(28,'Англійська (тест)','13455','33','444',NULL,21,'in_development',2,'2019-02-18 13:09:10','2019-02-18 13:09:10'),(29,'ua','123213','asdas','asdas',NULL,22,'approved',1,'2019-02-28 14:26:42','2019-02-28 14:30:46'),(30,'us','3213213','asdasdas','sadasdas',NULL,22,'in_development',2,'2019-02-28 14:27:00','2019-02-28 14:27:00');
/*!40000 ALTER TABLE `specialities` ENABLE KEYS */;
UNLOCK TABLES;

--
-- Table structure for table `users`
--

DROP TABLE IF EXISTS `users`;
/*!40101 SET @saved_cs_client     = @@character_set_client */;
/*!40101 SET character_set_client = utf8 */;
CREATE TABLE `users` (
  `id` int(10) unsigned NOT NULL AUTO_INCREMENT,
  `first_name` varchar(191) COLLATE utf8mb4_unicode_ci NOT NULL,
  `last_name` varchar(191) COLLATE utf8mb4_unicode_ci NOT NULL,
  `email` varchar(191) COLLATE utf8mb4_unicode_ci NOT NULL,
  `password` varchar(191) COLLATE utf8mb4_unicode_ci DEFAULT NULL,
  `status` tinyint(1) NOT NULL DEFAULT '1',
  `confirmation_code` varchar(191) COLLATE utf8mb4_unicode_ci DEFAULT NULL,
  `confirmed` tinyint(1) NOT NULL DEFAULT '0',
  `is_term_accept` tinyint(1) NOT NULL DEFAULT '0' COMMENT ' 0 = not accepted,1 = accepted',
  `remember_token` varchar(100) COLLATE utf8mb4_unicode_ci DEFAULT NULL,
  `created_by` int(11) DEFAULT NULL,
  `updated_by` int(10) unsigned DEFAULT NULL,
  `created_at` timestamp NULL DEFAULT NULL,
  `updated_at` timestamp NULL DEFAULT NULL,
  `deleted_at` timestamp NULL DEFAULT NULL,
  `id_cafedres` int(10) unsigned DEFAULT NULL,
  PRIMARY KEY (`id`),
  UNIQUE KEY `users_email_unique` (`email`),
  KEY `id_cafedres` (`id_cafedres`),
  KEY `id_cafedres_2` (`id_cafedres`),
  CONSTRAINT `users_ibfk_1` FOREIGN KEY (`id_cafedres`) REFERENCES `cafedres` (`id`) ON DELETE SET NULL
) ENGINE=InnoDB AUTO_INCREMENT=34 DEFAULT CHARSET=utf8mb4 COLLATE=utf8mb4_unicode_ci;
/*!40101 SET character_set_client = @saved_cs_client */;

--
-- Dumping data for table `users`
--

LOCK TABLES `users` WRITE;
/*!40000 ALTER TABLE `users` DISABLE KEYS */;
INSERT INTO `users` VALUES (1,'Admin','ГИАС','admin@gmail.com','$2y$10$S9l7QU510mf7rvbFjXifNeDUdt6HP5jlPq6ueH6WUlbaMr6lDp29.',1,'5f415ee9d2126690f3f4f330a59bb728',1,0,'tYfHDQWoHGDDWhLlYHOKuGkb2d4yZbNGvAlXE0MrKgBxO4iic5aIIgKSnrz3',1,6,'2018-10-03 09:18:41','2018-12-02 16:21:30',NULL,NULL),(3,'Віктор Корнелійович','Ободяк','vobodyak@gmail.com','$2y$10$cAMKNAGiSJKP35pAb2kAteTgGtp9SApWA87tXoK/z6sQnZYSD0r2q',1,'79c9a14fcfa778fbdc9649560f15fb7b',1,0,'MLBpSzG9ecvFs8FBtFLw6uwiQRAG1WCFjjXmWwxfEvyMLGmk9B4kEgbeUYs2',1,6,'2018-10-03 09:18:41','2018-12-18 16:10:57',NULL,1),(6,'Vadim','Bond','electoratium@gmail.com','$2y$10$pqcU3/HoqFLzGi/Tx1k1rema8GfeciswaDFsO7lUG6eo67uQJqXZ2',1,'bc4c5ee10b3b7c506af7560224736da9',1,0,'XcNmD1lJ6qtV8Lg2imYONwhZl7sU6PpBlZHPSUbkPSgLTQcVYNw2FLuw8GBn',1,NULL,'2018-11-09 12:21:02','2018-11-09 12:21:02',NULL,NULL),(7,'vadim','vadim','v.bondarenko@ias.sumdu.edu.ua','$2y$10$P5fAQj90j7z5nMS.3tKQnOAodvZnIjUvZQ8bTQW8GhSEDPd5UmUhu',1,'db7c5948d52f8913130bec6f4b4ad69e',1,0,'E66cMLOipqvGUMKlOrTlOs3YUewIKGwZBhzVPwarmRgijDcZaU3NrNOvr5wf',1,6,'2018-11-25 12:39:19','2018-12-03 13:27:32',NULL,1),(14,'неа','наене','sdfjk@sf.gmailqqqq','$2y$10$Vk40HQoFQRDpdejSooHbBuvku/Ay.HiHP.J2Ciycw8K9WzJBB1PmS',1,NULL,1,0,NULL,6,6,'2018-12-03 13:16:53','2018-12-06 07:24:07',NULL,1),(17,'Андрій','Призказчик','andrey@gmail.com','$2y$10$jFdIb6s18EoJWApEo6omQOzwfqa/MUaLC7n8Gvp2mo.M6fhL/2CUa',1,NULL,1,0,'OL8nUQ14IZfiQPqbLtkZNdusd0WEBEgKBM04z7O9hv4j5ZGQfaTBzLaGPXUr',6,6,'2018-12-03 15:57:36','2018-12-03 15:57:36',NULL,7),(18,'Вадим','Б','verify@gmail.com','$2y$10$im5XLVm0IJu1g42Lsaae/u5GdQ7ypiW7S12VnUXUXvWgJepJuNIQa',1,NULL,1,0,'RR2hh0RnmpqYA1PIuqDa9iyVbiO2UdxeYDuwjlDiM0uy5V3FS6LXnzcToq1X',6,6,'2018-12-05 14:38:27','2018-12-05 14:38:27',NULL,7),(20,'м','ми','verify1@gmail.com','$2y$10$5ZXP3joanBDDFncVkkSLsu9q8Bz5kryTU1fr8S9BvRdLvx1RJ5Qty',1,NULL,1,0,'WfRChpsatJs49FwY38SOHVR2hsZ8pSJoNTFd7tQXnPHY1Vrl1IKCFLKHuUQT',6,6,'2018-12-06 10:41:46','2018-12-06 10:41:46',NULL,1),(21,'qweqwe','qwe','qwe@g.com','$2y$10$dDjZTIw60XfG.WhocdwXdeVUG26hrzGlxhh4JydY6b.UZgiJajro6',1,NULL,1,0,'2GDspToRatKZc1xq0jRbZrrf7BwaxANRQn6dTtJ5qhh4Sx8MICU47RbjT9N3',6,6,'2018-12-06 10:56:35','2018-12-06 10:56:35',NULL,7),(22,'qwe','qwe','qwe@qwe.com','$2y$10$T6AdoCAJoM9vGql3xZI4C.z7xJrOg.SjCuIwKBvW0ApKnNiASqCK2',1,NULL,1,0,NULL,6,6,'2018-12-11 08:14:30','2018-12-11 08:14:30',NULL,1),(24,'Ому','Ому','omu@gmail.com','$2y$10$/CeGXzsIApST9B6WwcBerO/FuPcaZ5iJYAgvwP4ukA5./CuTJRlgy',1,NULL,1,0,'xIMpbXynpbsZWF48YOAgQOV3aY8nnVFipg9daBg0G6PmpRvdCKPqP5TJTJKk',6,6,'2018-12-22 17:16:13','2018-12-22 17:16:13',NULL,NULL),(25,'Оксана','Гапонова','gaponova@gmail.com','$2y$10$1F5pWAhEendvKIWzKD5PVOX4YOOFkiEcxY0jqdhu/0VnUCEwrGLn2',1,NULL,1,0,'NJhpDgnKfdbnapvdt0wDRdSckVm2Hnyh4exSmNd0YO5fS87l0WCeHU7cqFbc',24,24,'2018-12-22 17:23:49','2018-12-22 17:23:49',NULL,18),(27,'V','B','test@gmail.com','$2y$10$kxjhmDxW26cTvTaERVNZ6.S9KCUElsc12Gb0rstY9Wnh2SsE4gaY.',1,NULL,1,0,'MVEfcMRLBGkwBeMX4Mp9S7I0c2cYwl5j5rwIpfWLrJ9cs3mFkmFLlDdgcZiK',6,6,'2019-02-18 06:54:56','2019-02-18 06:54:56',NULL,19),(29,'dsfgh','fdghj','es@gmail.com','$2y$10$pruy8Sammunkf4ab9cn2XeXjO90w2ybe1cK7adyj5POPRCXL4P5Ym',1,NULL,1,0,'AjJ7DZvgyT2uUT4cG6ByEsYQyS32NVE1hyl1RuqG50gWoekCiFOnVt9jIm8w',6,6,'2019-02-18 07:19:41','2019-02-18 07:19:41',NULL,20),(30,'Юскаєв','Володимир','v.yuskaiev@gmail.com','$2y$10$VjfZ6F9zphGbJcQHZtJdsOUenW9aQhOV8fWKlbu65ScwMj9KG.B4C',1,NULL,1,0,NULL,6,6,'2019-02-18 13:03:59','2019-02-18 13:03:59',NULL,NULL),(31,'Віктор','Могильний','v.mogilniy@omu.sumdu.edu.ua','$2y$10$EtleK1Fclgv5l.ijfZHb/ek9srPqAlAyAChhot7y.98uLir4Gm40u',1,NULL,1,0,'Yi1wmSbsuwb1TfpSpLQZmhh833EhrQPgztTQwnBDqjFKRKtycXFWy4p1aiIV',6,6,'2019-02-18 13:11:37','2019-02-18 13:11:37',NULL,NULL),(32,'Viktor','Mohylniy','mogilnyv@gmail.com','$2y$10$CVhUBx0pSI73gyoSou2P1eT93EAB/9NzxhM6Nz1FVMVmyfl2uKlvG',1,NULL,1,0,'upDn5DTdccjOmpxn8l7ldoeixp0MsRn53xrxFS1nslKZuiu6bX314NP6SOL7',6,6,'2019-02-18 13:12:52','2019-02-18 13:12:52',NULL,21),(33,'test','gias','gias@gmail.com','$2y$10$kBJg5BqTav8PtboC6yLxmuq5eHWHtFbk5LLjZRt48OgBTroQZdJvi',1,NULL,1,0,'0igO64kThvk2tB4ddrIskDSbrYhGxAjWho7oLBLFArhbI4uPm0ZWrWkivVDS',6,6,'2019-02-28 14:27:32','2019-02-28 14:27:32',NULL,22);
/*!40000 ALTER TABLE `users` ENABLE KEYS */;
UNLOCK TABLES;
/*!40103 SET TIME_ZONE=@OLD_TIME_ZONE */;

/*!40101 SET SQL_MODE=@OLD_SQL_MODE */;
/*!40014 SET FOREIGN_KEY_CHECKS=@OLD_FOREIGN_KEY_CHECKS */;
/*!40014 SET UNIQUE_CHECKS=@OLD_UNIQUE_CHECKS */;
/*!40101 SET CHARACTER_SET_CLIENT=@OLD_CHARACTER_SET_CLIENT */;
/*!40101 SET CHARACTER_SET_RESULTS=@OLD_CHARACTER_SET_RESULTS */;
/*!40101 SET COLLATION_CONNECTION=@OLD_COLLATION_CONNECTION */;
/*!40111 SET SQL_NOTES=@OLD_SQL_NOTES */;

-- Dump completed on 2019-03-11 12:41:05
